Country,Cases,year,month,day,quarter,date,year_month
Brunei,,2020,1,22,1,2020-01-22 00:00:00+00:00,2020-01
Brunei,0.0,2020,1,23,1,2020-01-23 00:00:00+00:00,2020-01
Brunei,0.0,2020,1,24,1,2020-01-24 00:00:00+00:00,2020-01
Brunei,0.0,2020,1,25,1,2020-01-25 00:00:00+00:00,2020-01
Brunei,0.0,2020,1,26,1,2020-01-26 00:00:00+00:00,2020-01
Brunei,0.0,2020,1,27,1,2020-01-27 00:00:00+00:00,2020-01
Brunei,0.0,2020,1,28,1,2020-01-28 00:00:00+00:00,2020-01
Brunei,0.0,2020,1,29,1,2020-01-29 00:00:00+00:00,2020-01
Brunei,0.0,2020,1,30,1,2020-01-30 00:00:00+00:00,2020-01
Brunei,0.0,2020,1,31,1,2020-01-31 00:00:00+00:00,2020-01
Brunei,0.0,2020,2,1,1,2020-02-01 00:00:00+00:00,2020-02
Brunei,0.0,2020,2,2,1,2020-02-02 00:00:00+00:00,2020-02
Brunei,0.0,2020,2,3,1,2020-02-03 00:00:00+00:00,2020-02
Brunei,0.0,2020,2,4,1,2020-02-04 00:00:00+00:00,2020-02
Brunei,0.0,2020,2,5,1,2020-02-05 00:00:00+00:00,2020-02
Brunei,0.0,2020,2,6,1,2020-02-06 00:00:00+00:00,2020-02
Brunei,0.0,2020,2,7,1,2020-02-07 00:00:00+00:00,2020-02
Brunei,0.0,2020,2,8,1,2020-02-08 00:00:00+00:00,2020-02
Brunei,0.0,2020,2,9,1,2020-02-09 00:00:00+00:00,2020-02
Brunei,0.0,2020,2,10,1,2020-02-10 00:00:00+00:00,2020-02
Brunei,0.0,2020,2,11,1,2020-02-11 00:00:00+00:00,2020-02
Brunei,0.0,2020,2,12,1,2020-02-12 00:00:00+00:00,2020-02
Brunei,0.0,2020,2,13,1,2020-02-13 00:00:00+00:00,2020-02
Brunei,0.0,2020,2,14,1,2020-02-14 00:00:00+00:00,2020-02
Brunei,0.0,2020,2,15,1,2020-02-15 00:00:00+00:00,2020-02
Brunei,0.0,2020,2,16,1,2020-02-16 00:00:00+00:00,2020-02
Brunei,0.0,2020,2,17,1,2020-02-17 00:00:00+00:00,2020-02
Brunei,0.0,2020,2,18,1,2020-02-18 00:00:00+00:00,2020-02
Brunei,0.0,2020,2,19,1,2020-02-19 00:00:00+00:00,2020-02
Brunei,0.0,2020,2,20,1,2020-02-20 00:00:00+00:00,2020-02
Brunei,0.0,2020,2,21,1,2020-02-21 00:00:00+00:00,2020-02
Brunei,0.0,2020,2,22,1,2020-02-22 00:00:00+00:00,2020-02
Brunei,0.0,2020,2,23,1,2020-02-23 00:00:00+00:00,2020-02
Brunei,0.0,2020,2,24,1,2020-02-24 00:00:00+00:00,2020-02
Brunei,0.0,2020,2,25,1,2020-02-25 00:00:00+00:00,2020-02
Brunei,0.0,2020,2,26,1,2020-02-26 00:00:00+00:00,2020-02
Brunei,0.0,2020,2,27,1,2020-02-27 00:00:00+00:00,2020-02
Brunei,0.0,2020,2,28,1,2020-02-28 00:00:00+00:00,2020-02
Brunei,0.0,2020,2,29,1,2020-02-29 00:00:00+00:00,2020-02
Brunei,0.0,2020,3,1,1,2020-03-01 00:00:00+00:00,2020-03
Brunei,0.0,2020,3,2,1,2020-03-02 00:00:00+00:00,2020-03
Brunei,0.0,2020,3,3,1,2020-03-03 00:00:00+00:00,2020-03
Brunei,0.0,2020,3,4,1,2020-03-04 00:00:00+00:00,2020-03
Brunei,0.0,2020,3,5,1,2020-03-05 00:00:00+00:00,2020-03
Brunei,0.0,2020,3,6,1,2020-03-06 00:00:00+00:00,2020-03
Brunei,0.0,2020,3,7,1,2020-03-07 00:00:00+00:00,2020-03
Brunei,0.0,2020,3,8,1,2020-03-08 00:00:00+00:00,2020-03
Brunei,1.0,2020,3,9,1,2020-03-09 00:00:00+00:00,2020-03
Brunei,0.0,2020,3,10,1,2020-03-10 00:00:00+00:00,2020-03
Brunei,10.0,2020,3,11,1,2020-03-11 00:00:00+00:00,2020-03
Brunei,0.0,2020,3,12,1,2020-03-12 00:00:00+00:00,2020-03
Brunei,26.0,2020,3,13,1,2020-03-13 00:00:00+00:00,2020-03
Brunei,3.0,2020,3,14,1,2020-03-14 00:00:00+00:00,2020-03
Brunei,10.0,2020,3,15,1,2020-03-15 00:00:00+00:00,2020-03
Brunei,4.0,2020,3,16,1,2020-03-16 00:00:00+00:00,2020-03
Brunei,2.0,2020,3,17,1,2020-03-17 00:00:00+00:00,2020-03
Brunei,12.0,2020,3,18,1,2020-03-18 00:00:00+00:00,2020-03
Brunei,7.0,2020,3,19,1,2020-03-19 00:00:00+00:00,2020-03
Brunei,3.0,2020,3,20,1,2020-03-20 00:00:00+00:00,2020-03
Brunei,5.0,2020,3,21,1,2020-03-21 00:00:00+00:00,2020-03
Brunei,5.0,2020,3,22,1,2020-03-22 00:00:00+00:00,2020-03
Brunei,3.0,2020,3,23,1,2020-03-23 00:00:00+00:00,2020-03
Brunei,13.0,2020,3,24,1,2020-03-24 00:00:00+00:00,2020-03
Brunei,5.0,2020,3,25,1,2020-03-25 00:00:00+00:00,2020-03
Brunei,5.0,2020,3,26,1,2020-03-26 00:00:00+00:00,2020-03
Brunei,1.0,2020,3,27,1,2020-03-27 00:00:00+00:00,2020-03
Brunei,5.0,2020,3,28,1,2020-03-28 00:00:00+00:00,2020-03
Brunei,6.0,2020,3,29,1,2020-03-29 00:00:00+00:00,2020-03
Brunei,1.0,2020,3,30,1,2020-03-30 00:00:00+00:00,2020-03
Brunei,2.0,2020,3,31,1,2020-03-31 00:00:00+00:00,2020-03
Brunei,2.0,2020,4,1,2,2020-04-01 00:00:00+00:00,2020-04
Brunei,2.0,2020,4,2,2,2020-04-02 00:00:00+00:00,2020-04
Brunei,1.0,2020,4,3,2,2020-04-03 00:00:00+00:00,2020-04
Brunei,1.0,2020,4,4,2,2020-04-04 00:00:00+00:00,2020-04
Brunei,0.0,2020,4,5,2,2020-04-05 00:00:00+00:00,2020-04
Brunei,0.0,2020,4,6,2,2020-04-06 00:00:00+00:00,2020-04
Brunei,0.0,2020,4,7,2,2020-04-07 00:00:00+00:00,2020-04
Brunei,0.0,2020,4,8,2,2020-04-08 00:00:00+00:00,2020-04
Brunei,0.0,2020,4,9,2,2020-04-09 00:00:00+00:00,2020-04
Brunei,1.0,2020,4,10,2,2020-04-10 00:00:00+00:00,2020-04
Brunei,0.0,2020,4,11,2,2020-04-11 00:00:00+00:00,2020-04
Brunei,0.0,2020,4,12,2,2020-04-12 00:00:00+00:00,2020-04
Brunei,0.0,2020,4,13,2,2020-04-13 00:00:00+00:00,2020-04
Brunei,0.0,2020,4,14,2,2020-04-14 00:00:00+00:00,2020-04
Brunei,0.0,2020,4,15,2,2020-04-15 00:00:00+00:00,2020-04
Brunei,0.0,2020,4,16,2,2020-04-16 00:00:00+00:00,2020-04
Brunei,0.0,2020,4,17,2,2020-04-17 00:00:00+00:00,2020-04
Brunei,1.0,2020,4,18,2,2020-04-18 00:00:00+00:00,2020-04
Brunei,1.0,2020,4,19,2,2020-04-19 00:00:00+00:00,2020-04
Brunei,0.0,2020,4,20,2,2020-04-20 00:00:00+00:00,2020-04
Brunei,0.0,2020,4,21,2,2020-04-21 00:00:00+00:00,2020-04
Brunei,0.0,2020,4,22,2,2020-04-22 00:00:00+00:00,2020-04
Brunei,0.0,2020,4,23,2,2020-04-23 00:00:00+00:00,2020-04
Brunei,0.0,2020,4,24,2,2020-04-24 00:00:00+00:00,2020-04
Brunei,0.0,2020,4,25,2,2020-04-25 00:00:00+00:00,2020-04
Brunei,0.0,2020,4,26,2,2020-04-26 00:00:00+00:00,2020-04
Brunei,0.0,2020,4,27,2,2020-04-27 00:00:00+00:00,2020-04
Brunei,0.0,2020,4,28,2,2020-04-28 00:00:00+00:00,2020-04
Brunei,0.0,2020,4,29,2,2020-04-29 00:00:00+00:00,2020-04
Brunei,0.0,2020,4,30,2,2020-04-30 00:00:00+00:00,2020-04
Brunei,0.0,2020,5,1,2,2020-05-01 00:00:00+00:00,2020-05
Brunei,0.0,2020,5,2,2,2020-05-02 00:00:00+00:00,2020-05
Brunei,0.0,2020,5,3,2,2020-05-03 00:00:00+00:00,2020-05
Brunei,0.0,2020,5,4,2,2020-05-04 00:00:00+00:00,2020-05
Brunei,0.0,2020,5,5,2,2020-05-05 00:00:00+00:00,2020-05
Brunei,1.0,2020,5,6,2,2020-05-06 00:00:00+00:00,2020-05
Brunei,2.0,2020,5,7,2,2020-05-07 00:00:00+00:00,2020-05
Brunei,0.0,2020,5,8,2,2020-05-08 00:00:00+00:00,2020-05
Brunei,0.0,2020,5,9,2,2020-05-09 00:00:00+00:00,2020-05
Brunei,0.0,2020,5,10,2,2020-05-10 00:00:00+00:00,2020-05
Brunei,0.0,2020,5,11,2,2020-05-11 00:00:00+00:00,2020-05
Brunei,0.0,2020,5,12,2,2020-05-12 00:00:00+00:00,2020-05
Brunei,0.0,2020,5,13,2,2020-05-13 00:00:00+00:00,2020-05
Brunei,0.0,2020,5,14,2,2020-05-14 00:00:00+00:00,2020-05
Brunei,0.0,2020,5,15,2,2020-05-15 00:00:00+00:00,2020-05
Brunei,0.0,2020,5,16,2,2020-05-16 00:00:00+00:00,2020-05
Brunei,0.0,2020,5,17,2,2020-05-17 00:00:00+00:00,2020-05
Brunei,0.0,2020,5,18,2,2020-05-18 00:00:00+00:00,2020-05
Brunei,0.0,2020,5,19,2,2020-05-19 00:00:00+00:00,2020-05
Brunei,0.0,2020,5,20,2,2020-05-20 00:00:00+00:00,2020-05
Brunei,0.0,2020,5,21,2,2020-05-21 00:00:00+00:00,2020-05
Brunei,0.0,2020,5,22,2,2020-05-22 00:00:00+00:00,2020-05
Brunei,0.0,2020,5,23,2,2020-05-23 00:00:00+00:00,2020-05
Brunei,0.0,2020,5,24,2,2020-05-24 00:00:00+00:00,2020-05
Brunei,0.0,2020,5,25,2,2020-05-25 00:00:00+00:00,2020-05
Brunei,0.0,2020,5,26,2,2020-05-26 00:00:00+00:00,2020-05
Brunei,0.0,2020,5,27,2,2020-05-27 00:00:00+00:00,2020-05
Brunei,0.0,2020,5,28,2,2020-05-28 00:00:00+00:00,2020-05
Brunei,0.0,2020,5,29,2,2020-05-29 00:00:00+00:00,2020-05
Brunei,0.0,2020,5,30,2,2020-05-30 00:00:00+00:00,2020-05
Brunei,0.0,2020,5,31,2,2020-05-31 00:00:00+00:00,2020-05
Brunei,0.0,2020,6,1,2,2020-06-01 00:00:00+00:00,2020-06
Brunei,0.0,2020,6,2,2,2020-06-02 00:00:00+00:00,2020-06
Brunei,0.0,2020,6,3,2,2020-06-03 00:00:00+00:00,2020-06
Brunei,0.0,2020,6,4,2,2020-06-04 00:00:00+00:00,2020-06
Brunei,0.0,2020,6,5,2,2020-06-05 00:00:00+00:00,2020-06
Brunei,0.0,2020,6,6,2,2020-06-06 00:00:00+00:00,2020-06
Brunei,0.0,2020,6,7,2,2020-06-07 00:00:00+00:00,2020-06
Brunei,0.0,2020,6,8,2,2020-06-08 00:00:00+00:00,2020-06
Brunei,0.0,2020,6,9,2,2020-06-09 00:00:00+00:00,2020-06
Brunei,0.0,2020,6,10,2,2020-06-10 00:00:00+00:00,2020-06
Brunei,0.0,2020,6,11,2,2020-06-11 00:00:00+00:00,2020-06
Brunei,0.0,2020,6,12,2,2020-06-12 00:00:00+00:00,2020-06
Brunei,0.0,2020,6,13,2,2020-06-13 00:00:00+00:00,2020-06
Brunei,0.0,2020,6,14,2,2020-06-14 00:00:00+00:00,2020-06
Brunei,0.0,2020,6,15,2,2020-06-15 00:00:00+00:00,2020-06
Brunei,0.0,2020,6,16,2,2020-06-16 00:00:00+00:00,2020-06
Brunei,0.0,2020,6,17,2,2020-06-17 00:00:00+00:00,2020-06
Brunei,0.0,2020,6,18,2,2020-06-18 00:00:00+00:00,2020-06
Brunei,0.0,2020,6,19,2,2020-06-19 00:00:00+00:00,2020-06
Brunei,0.0,2020,6,20,2,2020-06-20 00:00:00+00:00,2020-06
Brunei,0.0,2020,6,21,2,2020-06-21 00:00:00+00:00,2020-06
Brunei,0.0,2020,6,22,2,2020-06-22 00:00:00+00:00,2020-06
Brunei,0.0,2020,6,23,2,2020-06-23 00:00:00+00:00,2020-06
Brunei,0.0,2020,6,24,2,2020-06-24 00:00:00+00:00,2020-06
Brunei,0.0,2020,6,25,2,2020-06-25 00:00:00+00:00,2020-06
Brunei,0.0,2020,6,26,2,2020-06-26 00:00:00+00:00,2020-06
Brunei,0.0,2020,6,27,2,2020-06-27 00:00:00+00:00,2020-06
Brunei,0.0,2020,6,28,2,2020-06-28 00:00:00+00:00,2020-06
Brunei,0.0,2020,6,29,2,2020-06-29 00:00:00+00:00,2020-06
Brunei,0.0,2020,6,30,2,2020-06-30 00:00:00+00:00,2020-06
Brunei,0.0,2020,7,1,3,2020-07-01 00:00:00+00:00,2020-07
Brunei,0.0,2020,7,2,3,2020-07-02 00:00:00+00:00,2020-07
Brunei,0.0,2020,7,3,3,2020-07-03 00:00:00+00:00,2020-07
Brunei,0.0,2020,7,4,3,2020-07-04 00:00:00+00:00,2020-07
Brunei,0.0,2020,7,5,3,2020-07-05 00:00:00+00:00,2020-07
Brunei,0.0,2020,7,6,3,2020-07-06 00:00:00+00:00,2020-07
Brunei,0.0,2020,7,7,3,2020-07-07 00:00:00+00:00,2020-07
Brunei,0.0,2020,7,8,3,2020-07-08 00:00:00+00:00,2020-07
Brunei,0.0,2020,7,9,3,2020-07-09 00:00:00+00:00,2020-07
Brunei,0.0,2020,7,10,3,2020-07-10 00:00:00+00:00,2020-07
Brunei,0.0,2020,7,11,3,2020-07-11 00:00:00+00:00,2020-07
Brunei,0.0,2020,7,12,3,2020-07-12 00:00:00+00:00,2020-07
Brunei,0.0,2020,7,13,3,2020-07-13 00:00:00+00:00,2020-07
Brunei,0.0,2020,7,14,3,2020-07-14 00:00:00+00:00,2020-07
Brunei,0.0,2020,7,15,3,2020-07-15 00:00:00+00:00,2020-07
Brunei,0.0,2020,7,16,3,2020-07-16 00:00:00+00:00,2020-07
Brunei,0.0,2020,7,17,3,2020-07-17 00:00:00+00:00,2020-07
Brunei,0.0,2020,7,18,3,2020-07-18 00:00:00+00:00,2020-07
Brunei,0.0,2020,7,19,3,2020-07-19 00:00:00+00:00,2020-07
Brunei,0.0,2020,7,20,3,2020-07-20 00:00:00+00:00,2020-07
Brunei,0.0,2020,7,21,3,2020-07-21 00:00:00+00:00,2020-07
Brunei,0.0,2020,7,22,3,2020-07-22 00:00:00+00:00,2020-07
Brunei,0.0,2020,7,23,3,2020-07-23 00:00:00+00:00,2020-07
Brunei,0.0,2020,7,24,3,2020-07-24 00:00:00+00:00,2020-07
Brunei,0.0,2020,7,25,3,2020-07-25 00:00:00+00:00,2020-07
Brunei,0.0,2020,7,26,3,2020-07-26 00:00:00+00:00,2020-07
Brunei,0.0,2020,7,27,3,2020-07-27 00:00:00+00:00,2020-07
Brunei,0.0,2020,7,28,3,2020-07-28 00:00:00+00:00,2020-07
Brunei,0.0,2020,7,29,3,2020-07-29 00:00:00+00:00,2020-07
Brunei,0.0,2020,7,30,3,2020-07-30 00:00:00+00:00,2020-07
Brunei,0.0,2020,7,31,3,2020-07-31 00:00:00+00:00,2020-07
Brunei,0.0,2020,8,1,3,2020-08-01 00:00:00+00:00,2020-08
Brunei,0.0,2020,8,2,3,2020-08-02 00:00:00+00:00,2020-08
Brunei,0.0,2020,8,3,3,2020-08-03 00:00:00+00:00,2020-08
Brunei,0.0,2020,8,4,3,2020-08-04 00:00:00+00:00,2020-08
Brunei,0.0,2020,8,5,3,2020-08-05 00:00:00+00:00,2020-08
Brunei,0.0,2020,8,6,3,2020-08-06 00:00:00+00:00,2020-08
Brunei,1.0,2020,8,7,3,2020-08-07 00:00:00+00:00,2020-08
Brunei,0.0,2020,8,8,3,2020-08-08 00:00:00+00:00,2020-08
Brunei,0.0,2020,8,9,3,2020-08-09 00:00:00+00:00,2020-08
Brunei,0.0,2020,8,10,3,2020-08-10 00:00:00+00:00,2020-08
Brunei,0.0,2020,8,11,3,2020-08-11 00:00:00+00:00,2020-08
Brunei,0.0,2020,8,12,3,2020-08-12 00:00:00+00:00,2020-08
Brunei,0.0,2020,8,13,3,2020-08-13 00:00:00+00:00,2020-08
Brunei,0.0,2020,8,14,3,2020-08-14 00:00:00+00:00,2020-08
Brunei,0.0,2020,8,15,3,2020-08-15 00:00:00+00:00,2020-08
Brunei,0.0,2020,8,16,3,2020-08-16 00:00:00+00:00,2020-08
Brunei,0.0,2020,8,17,3,2020-08-17 00:00:00+00:00,2020-08
Brunei,0.0,2020,8,18,3,2020-08-18 00:00:00+00:00,2020-08
Brunei,1.0,2020,8,19,3,2020-08-19 00:00:00+00:00,2020-08
Brunei,0.0,2020,8,20,3,2020-08-20 00:00:00+00:00,2020-08
Brunei,0.0,2020,8,21,3,2020-08-21 00:00:00+00:00,2020-08
Brunei,0.0,2020,8,22,3,2020-08-22 00:00:00+00:00,2020-08
Brunei,0.0,2020,8,23,3,2020-08-23 00:00:00+00:00,2020-08
Brunei,0.0,2020,8,24,3,2020-08-24 00:00:00+00:00,2020-08
Brunei,1.0,2020,8,25,3,2020-08-25 00:00:00+00:00,2020-08
Brunei,0.0,2020,8,26,3,2020-08-26 00:00:00+00:00,2020-08
Brunei,0.0,2020,8,27,3,2020-08-27 00:00:00+00:00,2020-08
Brunei,0.0,2020,8,28,3,2020-08-28 00:00:00+00:00,2020-08
Brunei,0.0,2020,8,29,3,2020-08-29 00:00:00+00:00,2020-08
Brunei,0.0,2020,8,30,3,2020-08-30 00:00:00+00:00,2020-08
Brunei,0.0,2020,8,31,3,2020-08-31 00:00:00+00:00,2020-08
Brunei,0.0,2020,9,1,3,2020-09-01 00:00:00+00:00,2020-09
Brunei,0.0,2020,9,2,3,2020-09-02 00:00:00+00:00,2020-09
Brunei,1.0,2020,9,3,3,2020-09-03 00:00:00+00:00,2020-09
Brunei,0.0,2020,9,4,3,2020-09-04 00:00:00+00:00,2020-09
Brunei,0.0,2020,9,5,3,2020-09-05 00:00:00+00:00,2020-09
Brunei,0.0,2020,9,6,3,2020-09-06 00:00:00+00:00,2020-09
Brunei,0.0,2020,9,7,3,2020-09-07 00:00:00+00:00,2020-09
Brunei,0.0,2020,9,8,3,2020-09-08 00:00:00+00:00,2020-09
Brunei,0.0,2020,9,9,3,2020-09-09 00:00:00+00:00,2020-09
Brunei,0.0,2020,9,10,3,2020-09-10 00:00:00+00:00,2020-09
Brunei,0.0,2020,9,11,3,2020-09-11 00:00:00+00:00,2020-09
Brunei,0.0,2020,9,12,3,2020-09-12 00:00:00+00:00,2020-09
Brunei,0.0,2020,9,13,3,2020-09-13 00:00:00+00:00,2020-09
Brunei,0.0,2020,9,14,3,2020-09-14 00:00:00+00:00,2020-09
Brunei,0.0,2020,9,15,3,2020-09-15 00:00:00+00:00,2020-09
Brunei,0.0,2020,9,16,3,2020-09-16 00:00:00+00:00,2020-09
Brunei,0.0,2020,9,17,3,2020-09-17 00:00:00+00:00,2020-09
Brunei,0.0,2020,9,18,3,2020-09-18 00:00:00+00:00,2020-09
Brunei,0.0,2020,9,19,3,2020-09-19 00:00:00+00:00,2020-09
Brunei,0.0,2020,9,20,3,2020-09-20 00:00:00+00:00,2020-09
Brunei,0.0,2020,9,21,3,2020-09-21 00:00:00+00:00,2020-09
Brunei,0.0,2020,9,22,3,2020-09-22 00:00:00+00:00,2020-09
Brunei,0.0,2020,9,23,3,2020-09-23 00:00:00+00:00,2020-09
Brunei,1.0,2020,9,24,3,2020-09-24 00:00:00+00:00,2020-09
Brunei,0.0,2020,9,25,3,2020-09-25 00:00:00+00:00,2020-09
Brunei,0.0,2020,9,26,3,2020-09-26 00:00:00+00:00,2020-09
Brunei,0.0,2020,9,27,3,2020-09-27 00:00:00+00:00,2020-09
Brunei,0.0,2020,9,28,3,2020-09-28 00:00:00+00:00,2020-09
Brunei,0.0,2020,9,29,3,2020-09-29 00:00:00+00:00,2020-09
Brunei,0.0,2020,9,30,3,2020-09-30 00:00:00+00:00,2020-09
Brunei,0.0,2020,10,1,4,2020-10-01 00:00:00+00:00,2020-10
Brunei,0.0,2020,10,2,4,2020-10-02 00:00:00+00:00,2020-10
Brunei,0.0,2020,10,3,4,2020-10-03 00:00:00+00:00,2020-10
Brunei,0.0,2020,10,4,4,2020-10-04 00:00:00+00:00,2020-10
Brunei,0.0,2020,10,5,4,2020-10-05 00:00:00+00:00,2020-10
Brunei,0.0,2020,10,6,4,2020-10-06 00:00:00+00:00,2020-10
Brunei,0.0,2020,10,7,4,2020-10-07 00:00:00+00:00,2020-10
Brunei,0.0,2020,10,8,4,2020-10-08 00:00:00+00:00,2020-10
Brunei,0.0,2020,10,9,4,2020-10-09 00:00:00+00:00,2020-10
Brunei,0.0,2020,10,10,4,2020-10-10 00:00:00+00:00,2020-10
Brunei,0.0,2020,10,11,4,2020-10-11 00:00:00+00:00,2020-10
Brunei,0.0,2020,10,12,4,2020-10-12 00:00:00+00:00,2020-10
Brunei,0.0,2020,10,13,4,2020-10-13 00:00:00+00:00,2020-10
Brunei,1.0,2020,10,14,4,2020-10-14 00:00:00+00:00,2020-10
Brunei,0.0,2020,10,15,4,2020-10-15 00:00:00+00:00,2020-10
Brunei,0.0,2020,10,16,4,2020-10-16 00:00:00+00:00,2020-10
Brunei,0.0,2020,10,17,4,2020-10-17 00:00:00+00:00,2020-10
Brunei,0.0,2020,10,18,4,2020-10-18 00:00:00+00:00,2020-10
Brunei,0.0,2020,10,19,4,2020-10-19 00:00:00+00:00,2020-10
Brunei,0.0,2020,10,20,4,2020-10-20 00:00:00+00:00,2020-10
Brunei,0.0,2020,10,21,4,2020-10-21 00:00:00+00:00,2020-10
Brunei,1.0,2020,10,22,4,2020-10-22 00:00:00+00:00,2020-10
Brunei,0.0,2020,10,23,4,2020-10-23 00:00:00+00:00,2020-10
Brunei,0.0,2020,10,24,4,2020-10-24 00:00:00+00:00,2020-10
Brunei,0.0,2020,10,25,4,2020-10-25 00:00:00+00:00,2020-10
Brunei,0.0,2020,10,26,4,2020-10-26 00:00:00+00:00,2020-10
Brunei,0.0,2020,10,27,4,2020-10-27 00:00:00+00:00,2020-10
Brunei,0.0,2020,10,28,4,2020-10-28 00:00:00+00:00,2020-10
Brunei,0.0,2020,10,29,4,2020-10-29 00:00:00+00:00,2020-10
Brunei,0.0,2020,10,30,4,2020-10-30 00:00:00+00:00,2020-10
Brunei,0.0,2020,10,31,4,2020-10-31 00:00:00+00:00,2020-10
Brunei,0.0,2020,11,1,4,2020-11-01 00:00:00+00:00,2020-11
Brunei,0.0,2020,11,2,4,2020-11-02 00:00:00+00:00,2020-11
Brunei,0.0,2020,11,3,4,2020-11-03 00:00:00+00:00,2020-11
Brunei,0.0,2020,11,4,4,2020-11-04 00:00:00+00:00,2020-11
Brunei,0.0,2020,11,5,4,2020-11-05 00:00:00+00:00,2020-11
Brunei,0.0,2020,11,6,4,2020-11-06 00:00:00+00:00,2020-11
Brunei,0.0,2020,11,7,4,2020-11-07 00:00:00+00:00,2020-11
Brunei,0.0,2020,11,8,4,2020-11-08 00:00:00+00:00,2020-11
Brunei,0.0,2020,11,9,4,2020-11-09 00:00:00+00:00,2020-11
Brunei,0.0,2020,11,10,4,2020-11-10 00:00:00+00:00,2020-11
Brunei,0.0,2020,11,11,4,2020-11-11 00:00:00+00:00,2020-11
Brunei,0.0,2020,11,12,4,2020-11-12 00:00:00+00:00,2020-11
Brunei,0.0,2020,11,13,4,2020-11-13 00:00:00+00:00,2020-11
Brunei,0.0,2020,11,14,4,2020-11-14 00:00:00+00:00,2020-11
Brunei,0.0,2020,11,15,4,2020-11-15 00:00:00+00:00,2020-11
Brunei,0.0,2020,11,16,4,2020-11-16 00:00:00+00:00,2020-11
Brunei,0.0,2020,11,17,4,2020-11-17 00:00:00+00:00,2020-11
Brunei,0.0,2020,11,18,4,2020-11-18 00:00:00+00:00,2020-11
Brunei,0.0,2020,11,19,4,2020-11-19 00:00:00+00:00,2020-11
Brunei,0.0,2020,11,20,4,2020-11-20 00:00:00+00:00,2020-11
Brunei,0.0,2020,11,21,4,2020-11-21 00:00:00+00:00,2020-11
Brunei,0.0,2020,11,22,4,2020-11-22 00:00:00+00:00,2020-11
Brunei,1.0,2020,11,23,4,2020-11-23 00:00:00+00:00,2020-11
Brunei,1.0,2020,11,24,4,2020-11-24 00:00:00+00:00,2020-11
Brunei,0.0,2020,11,25,4,2020-11-25 00:00:00+00:00,2020-11
Brunei,0.0,2020,11,26,4,2020-11-26 00:00:00+00:00,2020-11
Brunei,0.0,2020,11,27,4,2020-11-27 00:00:00+00:00,2020-11
Brunei,0.0,2020,11,28,4,2020-11-28 00:00:00+00:00,2020-11
Brunei,0.0,2020,11,29,4,2020-11-29 00:00:00+00:00,2020-11
Brunei,0.0,2020,11,30,4,2020-11-30 00:00:00+00:00,2020-11
Brunei,1.0,2020,12,1,4,2020-12-01 00:00:00+00:00,2020-12
Brunei,0.0,2020,12,2,4,2020-12-02 00:00:00+00:00,2020-12
Brunei,0.0,2020,12,3,4,2020-12-03 00:00:00+00:00,2020-12
Brunei,0.0,2020,12,4,4,2020-12-04 00:00:00+00:00,2020-12
Brunei,0.0,2020,12,5,4,2020-12-05 00:00:00+00:00,2020-12
Brunei,0.0,2020,12,6,4,2020-12-06 00:00:00+00:00,2020-12
Brunei,0.0,2020,12,7,4,2020-12-07 00:00:00+00:00,2020-12
Brunei,1.0,2020,12,8,4,2020-12-08 00:00:00+00:00,2020-12
Brunei,0.0,2020,12,9,4,2020-12-09 00:00:00+00:00,2020-12
Brunei,0.0,2020,12,10,4,2020-12-10 00:00:00+00:00,2020-12
Brunei,0.0,2020,12,11,4,2020-12-11 00:00:00+00:00,2020-12
Brunei,0.0,2020,12,12,4,2020-12-12 00:00:00+00:00,2020-12
Brunei,0.0,2020,12,13,4,2020-12-13 00:00:00+00:00,2020-12
Brunei,0.0,2020,12,14,4,2020-12-14 00:00:00+00:00,2020-12
Brunei,0.0,2020,12,15,4,2020-12-15 00:00:00+00:00,2020-12
Brunei,0.0,2020,12,16,4,2020-12-16 00:00:00+00:00,2020-12
Brunei,0.0,2020,12,17,4,2020-12-17 00:00:00+00:00,2020-12
Brunei,0.0,2020,12,18,4,2020-12-18 00:00:00+00:00,2020-12
Brunei,0.0,2020,12,19,4,2020-12-19 00:00:00+00:00,2020-12
Brunei,0.0,2020,12,20,4,2020-12-20 00:00:00+00:00,2020-12
Brunei,0.0,2020,12,21,4,2020-12-21 00:00:00+00:00,2020-12
Brunei,0.0,2020,12,22,4,2020-12-22 00:00:00+00:00,2020-12
Brunei,0.0,2020,12,23,4,2020-12-23 00:00:00+00:00,2020-12
Brunei,0.0,2020,12,24,4,2020-12-24 00:00:00+00:00,2020-12
Brunei,0.0,2020,12,25,4,2020-12-25 00:00:00+00:00,2020-12
Brunei,0.0,2020,12,26,4,2020-12-26 00:00:00+00:00,2020-12
Brunei,0.0,2020,12,27,4,2020-12-27 00:00:00+00:00,2020-12
Brunei,0.0,2020,12,28,4,2020-12-28 00:00:00+00:00,2020-12
Brunei,0.0,2020,12,29,4,2020-12-29 00:00:00+00:00,2020-12
Brunei,5.0,2020,12,30,4,2020-12-30 00:00:00+00:00,2020-12
Brunei,0.0,2020,12,31,4,2020-12-31 00:00:00+00:00,2020-12
Brunei,0.0,2021,1,1,1,2021-01-01 00:00:00+00:00,2021-01
Brunei,0.0,2021,1,2,1,2021-01-02 00:00:00+00:00,2021-01
Brunei,15.0,2021,1,3,1,2021-01-03 00:00:00+00:00,2021-01
Brunei,0.0,2021,1,4,1,2021-01-04 00:00:00+00:00,2021-01
Brunei,0.0,2021,1,5,1,2021-01-05 00:00:00+00:00,2021-01
Brunei,0.0,2021,1,6,1,2021-01-06 00:00:00+00:00,2021-01
Brunei,1.0,2021,1,7,1,2021-01-07 00:00:00+00:00,2021-01
Brunei,0.0,2021,1,8,1,2021-01-08 00:00:00+00:00,2021-01
Brunei,0.0,2021,1,9,1,2021-01-09 00:00:00+00:00,2021-01
Brunei,0.0,2021,1,10,1,2021-01-10 00:00:00+00:00,2021-01
Brunei,0.0,2021,1,11,1,2021-01-11 00:00:00+00:00,2021-01
Brunei,1.0,2021,1,12,1,2021-01-12 00:00:00+00:00,2021-01
Brunei,0.0,2021,1,13,1,2021-01-13 00:00:00+00:00,2021-01
Brunei,0.0,2021,1,14,1,2021-01-14 00:00:00+00:00,2021-01
Brunei,0.0,2021,1,15,1,2021-01-15 00:00:00+00:00,2021-01
Brunei,0.0,2021,1,16,1,2021-01-16 00:00:00+00:00,2021-01
Brunei,0.0,2021,1,17,1,2021-01-17 00:00:00+00:00,2021-01
Brunei,0.0,2021,1,18,1,2021-01-18 00:00:00+00:00,2021-01
Brunei,0.0,2021,1,19,1,2021-01-19 00:00:00+00:00,2021-01
Brunei,0.0,2021,1,20,1,2021-01-20 00:00:00+00:00,2021-01
Brunei,0.0,2021,1,21,1,2021-01-21 00:00:00+00:00,2021-01
Brunei,1.0,2021,1,22,1,2021-01-22 00:00:00+00:00,2021-01
Brunei,0.0,2021,1,23,1,2021-01-23 00:00:00+00:00,2021-01
Brunei,0.0,2021,1,24,1,2021-01-24 00:00:00+00:00,2021-01
Brunei,0.0,2021,1,25,1,2021-01-25 00:00:00+00:00,2021-01
Brunei,1.0,2021,1,26,1,2021-01-26 00:00:00+00:00,2021-01
Brunei,0.0,2021,1,27,1,2021-01-27 00:00:00+00:00,2021-01
Brunei,4.0,2021,1,28,1,2021-01-28 00:00:00+00:00,2021-01
Brunei,0.0,2021,1,29,1,2021-01-29 00:00:00+00:00,2021-01
Brunei,0.0,2021,1,30,1,2021-01-30 00:00:00+00:00,2021-01
Brunei,0.0,2021,1,31,1,2021-01-31 00:00:00+00:00,2021-01
Brunei,0.0,2021,2,1,1,2021-02-01 00:00:00+00:00,2021-02
Brunei,0.0,2021,2,2,1,2021-02-02 00:00:00+00:00,2021-02
Brunei,0.0,2021,2,3,1,2021-02-03 00:00:00+00:00,2021-02
Brunei,0.0,2021,2,4,1,2021-02-04 00:00:00+00:00,2021-02
Brunei,0.0,2021,2,5,1,2021-02-05 00:00:00+00:00,2021-02
Brunei,1.0,2021,2,6,1,2021-02-06 00:00:00+00:00,2021-02
Brunei,0.0,2021,2,7,1,2021-02-07 00:00:00+00:00,2021-02
Brunei,1.0,2021,2,8,1,2021-02-08 00:00:00+00:00,2021-02
Brunei,0.0,2021,2,9,1,2021-02-09 00:00:00+00:00,2021-02
Brunei,0.0,2021,2,10,1,2021-02-10 00:00:00+00:00,2021-02
Brunei,1.0,2021,2,11,1,2021-02-11 00:00:00+00:00,2021-02
Brunei,1.0,2021,2,12,1,2021-02-12 00:00:00+00:00,2021-02
Brunei,0.0,2021,2,13,1,2021-02-13 00:00:00+00:00,2021-02
Brunei,0.0,2021,2,14,1,2021-02-14 00:00:00+00:00,2021-02
Brunei,0.0,2021,2,15,1,2021-02-15 00:00:00+00:00,2021-02
Brunei,0.0,2021,2,16,1,2021-02-16 00:00:00+00:00,2021-02
Brunei,1.0,2021,2,17,1,2021-02-17 00:00:00+00:00,2021-02
Brunei,0.0,2021,2,18,1,2021-02-18 00:00:00+00:00,2021-02
Brunei,0.0,2021,2,19,1,2021-02-19 00:00:00+00:00,2021-02
Brunei,0.0,2021,2,20,1,2021-02-20 00:00:00+00:00,2021-02
Brunei,0.0,2021,2,21,1,2021-02-21 00:00:00+00:00,2021-02
Brunei,0.0,2021,2,22,1,2021-02-22 00:00:00+00:00,2021-02
Brunei,0.0,2021,2,23,1,2021-02-23 00:00:00+00:00,2021-02
Brunei,0.0,2021,2,24,1,2021-02-24 00:00:00+00:00,2021-02
Brunei,0.0,2021,2,25,1,2021-02-25 00:00:00+00:00,2021-02
Brunei,0.0,2021,2,26,1,2021-02-26 00:00:00+00:00,2021-02
Brunei,1.0,2021,2,27,1,2021-02-27 00:00:00+00:00,2021-02
Brunei,0.0,2021,2,28,1,2021-02-28 00:00:00+00:00,2021-02
Brunei,0.0,2021,3,1,1,2021-03-01 00:00:00+00:00,2021-03
Brunei,1.0,2021,3,2,1,2021-03-02 00:00:00+00:00,2021-03
Brunei,0.0,2021,3,3,1,2021-03-03 00:00:00+00:00,2021-03
Brunei,1.0,2021,3,4,1,2021-03-04 00:00:00+00:00,2021-03
Brunei,0.0,2021,3,5,1,2021-03-05 00:00:00+00:00,2021-03
Brunei,1.0,2021,3,6,1,2021-03-06 00:00:00+00:00,2021-03
Brunei,0.0,2021,3,7,1,2021-03-07 00:00:00+00:00,2021-03
Brunei,1.0,2021,3,8,1,2021-03-08 00:00:00+00:00,2021-03
Brunei,1.0,2021,3,9,1,2021-03-09 00:00:00+00:00,2021-03
Brunei,1.0,2021,3,10,1,2021-03-10 00:00:00+00:00,2021-03
Brunei,0.0,2021,3,11,1,2021-03-11 00:00:00+00:00,2021-03
Brunei,0.0,2021,3,12,1,2021-03-12 00:00:00+00:00,2021-03
Brunei,0.0,2021,3,13,1,2021-03-13 00:00:00+00:00,2021-03
Brunei,7.0,2021,3,14,1,2021-03-14 00:00:00+00:00,2021-03
Brunei,0.0,2021,3,15,1,2021-03-15 00:00:00+00:00,2021-03
Brunei,3.0,2021,3,16,1,2021-03-16 00:00:00+00:00,2021-03
Brunei,1.0,2021,3,17,1,2021-03-17 00:00:00+00:00,2021-03
Brunei,0.0,2021,3,18,1,2021-03-18 00:00:00+00:00,2021-03
Brunei,0.0,2021,3,19,1,2021-03-19 00:00:00+00:00,2021-03
Brunei,2.0,2021,3,20,1,2021-03-20 00:00:00+00:00,2021-03
Brunei,1.0,2021,3,21,1,2021-03-21 00:00:00+00:00,2021-03
Brunei,0.0,2021,3,22,1,2021-03-22 00:00:00+00:00,2021-03
Brunei,0.0,2021,3,23,1,2021-03-23 00:00:00+00:00,2021-03
Brunei,0.0,2021,3,24,1,2021-03-24 00:00:00+00:00,2021-03
Brunei,0.0,2021,3,25,1,2021-03-25 00:00:00+00:00,2021-03
Brunei,0.0,2021,3,26,1,2021-03-26 00:00:00+00:00,2021-03
Brunei,0.0,2021,3,27,1,2021-03-27 00:00:00+00:00,2021-03
Brunei,1.0,2021,3,28,1,2021-03-28 00:00:00+00:00,2021-03
Brunei,0.0,2021,3,29,1,2021-03-29 00:00:00+00:00,2021-03
Brunei,3.0,2021,3,30,1,2021-03-30 00:00:00+00:00,2021-03
Brunei,2.0,2021,3,31,1,2021-03-31 00:00:00+00:00,2021-03
Brunei,1.0,2021,4,1,2,2021-04-01 00:00:00+00:00,2021-04
Brunei,0.0,2021,4,2,2,2021-04-02 00:00:00+00:00,2021-04
Brunei,1.0,2021,4,3,2,2021-04-03 00:00:00+00:00,2021-04
Brunei,0.0,2021,4,4,2,2021-04-04 00:00:00+00:00,2021-04
Brunei,0.0,2021,4,5,2,2021-04-05 00:00:00+00:00,2021-04
Brunei,0.0,2021,4,6,2,2021-04-06 00:00:00+00:00,2021-04
Brunei,1.0,2021,4,7,2,2021-04-07 00:00:00+00:00,2021-04
Brunei,1.0,2021,4,8,2,2021-04-08 00:00:00+00:00,2021-04
Brunei,3.0,2021,4,9,2,2021-04-09 00:00:00+00:00,2021-04
Brunei,0.0,2021,4,10,2,2021-04-10 00:00:00+00:00,2021-04
Brunei,0.0,2021,4,11,2,2021-04-11 00:00:00+00:00,2021-04
Brunei,0.0,2021,4,12,2,2021-04-12 00:00:00+00:00,2021-04
Brunei,0.0,2021,4,13,2,2021-04-13 00:00:00+00:00,2021-04
Brunei,0.0,2021,4,14,2,2021-04-14 00:00:00+00:00,2021-04
Brunei,2.0,2021,4,15,2,2021-04-15 00:00:00+00:00,2021-04
Brunei,0.0,2021,4,16,2,2021-04-16 00:00:00+00:00,2021-04
Brunei,0.0,2021,4,17,2,2021-04-17 00:00:00+00:00,2021-04
Brunei,0.0,2021,4,18,2,2021-04-18 00:00:00+00:00,2021-04
Brunei,0.0,2021,4,19,2,2021-04-19 00:00:00+00:00,2021-04
Brunei,2.0,2021,4,20,2,2021-04-20 00:00:00+00:00,2021-04
Brunei,0.0,2021,4,21,2,2021-04-21 00:00:00+00:00,2021-04
Brunei,0.0,2021,4,22,2,2021-04-22 00:00:00+00:00,2021-04
Brunei,0.0,2021,4,23,2,2021-04-23 00:00:00+00:00,2021-04
Brunei,0.0,2021,4,24,2,2021-04-24 00:00:00+00:00,2021-04
Brunei,0.0,2021,4,25,2,2021-04-25 00:00:00+00:00,2021-04
Brunei,0.0,2021,4,26,2,2021-04-26 00:00:00+00:00,2021-04
Brunei,0.0,2021,4,27,2,2021-04-27 00:00:00+00:00,2021-04
Brunei,1.0,2021,4,28,2,2021-04-28 00:00:00+00:00,2021-04
Brunei,0.0,2021,4,29,2,2021-04-29 00:00:00+00:00,2021-04
Brunei,0.0,2021,4,30,2,2021-04-30 00:00:00+00:00,2021-04
Brunei,3.0,2021,5,1,2,2021-05-01 00:00:00+00:00,2021-05
Brunei,0.0,2021,5,2,2,2021-05-02 00:00:00+00:00,2021-05
Brunei,0.0,2021,5,3,2,2021-05-03 00:00:00+00:00,2021-05
Brunei,1.0,2021,5,4,2,2021-05-04 00:00:00+00:00,2021-05
Brunei,0.0,2021,5,5,2,2021-05-05 00:00:00+00:00,2021-05
Brunei,0.0,2021,5,6,2,2021-05-06 00:00:00+00:00,2021-05
Brunei,1.0,2021,5,7,2,2021-05-07 00:00:00+00:00,2021-05
Brunei,1.0,2021,5,8,2,2021-05-08 00:00:00+00:00,2021-05
Brunei,0.0,2021,5,9,2,2021-05-09 00:00:00+00:00,2021-05
Brunei,0.0,2021,5,10,2,2021-05-10 00:00:00+00:00,2021-05
Brunei,0.0,2021,5,11,2,2021-05-11 00:00:00+00:00,2021-05
Brunei,1.0,2021,5,12,2,2021-05-12 00:00:00+00:00,2021-05
Brunei,1.0,2021,5,13,2,2021-05-13 00:00:00+00:00,2021-05
Brunei,0.0,2021,5,14,2,2021-05-14 00:00:00+00:00,2021-05
Brunei,0.0,2021,5,15,2,2021-05-15 00:00:00+00:00,2021-05
Brunei,0.0,2021,5,16,2,2021-05-16 00:00:00+00:00,2021-05
Brunei,0.0,2021,5,17,2,2021-05-17 00:00:00+00:00,2021-05
Brunei,0.0,2021,5,18,2,2021-05-18 00:00:00+00:00,2021-05
Brunei,3.0,2021,5,19,2,2021-05-19 00:00:00+00:00,2021-05
Brunei,0.0,2021,5,20,2,2021-05-20 00:00:00+00:00,2021-05
Brunei,0.0,2021,5,21,2,2021-05-21 00:00:00+00:00,2021-05
Brunei,0.0,2021,5,22,2,2021-05-22 00:00:00+00:00,2021-05
Brunei,0.0,2021,5,23,2,2021-05-23 00:00:00+00:00,2021-05
Brunei,1.0,2021,5,24,2,2021-05-24 00:00:00+00:00,2021-05
Brunei,0.0,2021,5,25,2,2021-05-25 00:00:00+00:00,2021-05
Brunei,4.0,2021,5,26,2,2021-05-26 00:00:00+00:00,2021-05
Brunei,1.0,2021,5,27,2,2021-05-27 00:00:00+00:00,2021-05
Brunei,0.0,2021,5,28,2,2021-05-28 00:00:00+00:00,2021-05
Brunei,0.0,2021,5,29,2,2021-05-29 00:00:00+00:00,2021-05
Brunei,0.0,2021,5,30,2,2021-05-30 00:00:00+00:00,2021-05
Brunei,1.0,2021,5,31,2,2021-05-31 00:00:00+00:00,2021-05
Brunei,2.0,2021,6,1,2,2021-06-01 00:00:00+00:00,2021-06
Brunei,0.0,2021,6,2,2,2021-06-02 00:00:00+00:00,2021-06
Brunei,0.0,2021,6,3,2,2021-06-03 00:00:00+00:00,2021-06
Brunei,0.0,2021,6,4,2,2021-06-04 00:00:00+00:00,2021-06
Brunei,0.0,2021,6,5,2,2021-06-05 00:00:00+00:00,2021-06
Brunei,0.0,2021,6,6,2,2021-06-06 00:00:00+00:00,2021-06
Brunei,0.0,2021,6,7,2,2021-06-07 00:00:00+00:00,2021-06
Brunei,2.0,2021,6,8,2,2021-06-08 00:00:00+00:00,2021-06
Brunei,0.0,2021,6,9,2,2021-06-09 00:00:00+00:00,2021-06
Brunei,2.0,2021,6,10,2,2021-06-10 00:00:00+00:00,2021-06
Brunei,0.0,2021,6,11,2,2021-06-11 00:00:00+00:00,2021-06
Brunei,0.0,2021,6,12,2,2021-06-12 00:00:00+00:00,2021-06
Brunei,0.0,2021,6,13,2,2021-06-13 00:00:00+00:00,2021-06
Brunei,0.0,2021,6,14,2,2021-06-14 00:00:00+00:00,2021-06
Brunei,2.0,2021,6,15,2,2021-06-15 00:00:00+00:00,2021-06
Brunei,0.0,2021,6,16,2,2021-06-16 00:00:00+00:00,2021-06
Brunei,0.0,2021,6,17,2,2021-06-17 00:00:00+00:00,2021-06
Brunei,1.0,2021,6,18,2,2021-06-18 00:00:00+00:00,2021-06
Brunei,0.0,2021,6,19,2,2021-06-19 00:00:00+00:00,2021-06
Brunei,4.0,2021,6,20,2,2021-06-20 00:00:00+00:00,2021-06
Brunei,0.0,2021,6,21,2,2021-06-21 00:00:00+00:00,2021-06
Brunei,1.0,2021,6,22,2,2021-06-22 00:00:00+00:00,2021-06
Brunei,0.0,2021,6,23,2,2021-06-23 00:00:00+00:00,2021-06
Brunei,0.0,2021,6,24,2,2021-06-24 00:00:00+00:00,2021-06
Brunei,0.0,2021,6,25,2,2021-06-25 00:00:00+00:00,2021-06
Brunei,3.0,2021,6,26,2,2021-06-26 00:00:00+00:00,2021-06
Brunei,0.0,2021,6,27,2,2021-06-27 00:00:00+00:00,2021-06
Brunei,0.0,2021,6,28,2,2021-06-28 00:00:00+00:00,2021-06
Brunei,0.0,2021,6,29,2,2021-06-29 00:00:00+00:00,2021-06
Brunei,1.0,2021,6,30,2,2021-06-30 00:00:00+00:00,2021-06
Brunei,1.0,2021,7,1,3,2021-07-01 00:00:00+00:00,2021-07
Brunei,0.0,2021,7,2,3,2021-07-02 00:00:00+00:00,2021-07
Brunei,1.0,2021,7,3,3,2021-07-03 00:00:00+00:00,2021-07
Brunei,0.0,2021,7,4,3,2021-07-04 00:00:00+00:00,2021-07
Brunei,0.0,2021,7,5,3,2021-07-05 00:00:00+00:00,2021-07
Brunei,4.0,2021,7,6,3,2021-07-06 00:00:00+00:00,2021-07
Brunei,0.0,2021,7,7,3,2021-07-07 00:00:00+00:00,2021-07
Brunei,0.0,2021,7,8,3,2021-07-08 00:00:00+00:00,2021-07
Brunei,0.0,2021,7,9,3,2021-07-09 00:00:00+00:00,2021-07
Brunei,2.0,2021,7,10,3,2021-07-10 00:00:00+00:00,2021-07
Brunei,0.0,2021,7,11,3,2021-07-11 00:00:00+00:00,2021-07
Brunei,9.0,2021,7,12,3,2021-07-12 00:00:00+00:00,2021-07
Brunei,5.0,2021,7,13,3,2021-07-13 00:00:00+00:00,2021-07
Brunei,0.0,2021,7,14,3,2021-07-14 00:00:00+00:00,2021-07
Brunei,0.0,2021,7,15,3,2021-07-15 00:00:00+00:00,2021-07
Brunei,0.0,2021,7,16,3,2021-07-16 00:00:00+00:00,2021-07
Brunei,1.0,2021,7,17,3,2021-07-17 00:00:00+00:00,2021-07
Brunei,0.0,2021,7,18,3,2021-07-18 00:00:00+00:00,2021-07
Brunei,0.0,2021,7,19,3,2021-07-19 00:00:00+00:00,2021-07
Brunei,22.0,2021,7,20,3,2021-07-20 00:00:00+00:00,2021-07
Brunei,0.0,2021,7,21,3,2021-07-21 00:00:00+00:00,2021-07
Brunei,6.0,2021,7,22,3,2021-07-22 00:00:00+00:00,2021-07
Brunei,2.0,2021,7,23,3,2021-07-23 00:00:00+00:00,2021-07
Brunei,8.0,2021,7,24,3,2021-07-24 00:00:00+00:00,2021-07
Brunei,0.0,2021,7,25,3,2021-07-25 00:00:00+00:00,2021-07
Brunei,12.0,2021,7,26,3,2021-07-26 00:00:00+00:00,2021-07
Brunei,0.0,2021,7,27,3,2021-07-27 00:00:00+00:00,2021-07
Brunei,0.0,2021,7,28,3,2021-07-28 00:00:00+00:00,2021-07
Brunei,0.0,2021,7,29,3,2021-07-29 00:00:00+00:00,2021-07
Brunei,4.0,2021,7,30,3,2021-07-30 00:00:00+00:00,2021-07
Laos,,2020,1,22,1,2020-01-22 00:00:00+00:00,2020-01
Laos,0.0,2020,1,23,1,2020-01-23 00:00:00+00:00,2020-01
Laos,0.0,2020,1,24,1,2020-01-24 00:00:00+00:00,2020-01
Laos,0.0,2020,1,25,1,2020-01-25 00:00:00+00:00,2020-01
Laos,0.0,2020,1,26,1,2020-01-26 00:00:00+00:00,2020-01
Laos,0.0,2020,1,27,1,2020-01-27 00:00:00+00:00,2020-01
Laos,0.0,2020,1,28,1,2020-01-28 00:00:00+00:00,2020-01
Laos,0.0,2020,1,29,1,2020-01-29 00:00:00+00:00,2020-01
Laos,0.0,2020,1,30,1,2020-01-30 00:00:00+00:00,2020-01
Laos,0.0,2020,1,31,1,2020-01-31 00:00:00+00:00,2020-01
Laos,0.0,2020,2,1,1,2020-02-01 00:00:00+00:00,2020-02
Laos,0.0,2020,2,2,1,2020-02-02 00:00:00+00:00,2020-02
Laos,0.0,2020,2,3,1,2020-02-03 00:00:00+00:00,2020-02
Laos,0.0,2020,2,4,1,2020-02-04 00:00:00+00:00,2020-02
Laos,0.0,2020,2,5,1,2020-02-05 00:00:00+00:00,2020-02
Laos,0.0,2020,2,6,1,2020-02-06 00:00:00+00:00,2020-02
Laos,0.0,2020,2,7,1,2020-02-07 00:00:00+00:00,2020-02
Laos,0.0,2020,2,8,1,2020-02-08 00:00:00+00:00,2020-02
Laos,0.0,2020,2,9,1,2020-02-09 00:00:00+00:00,2020-02
Laos,0.0,2020,2,10,1,2020-02-10 00:00:00+00:00,2020-02
Laos,0.0,2020,2,11,1,2020-02-11 00:00:00+00:00,2020-02
Laos,0.0,2020,2,12,1,2020-02-12 00:00:00+00:00,2020-02
Laos,0.0,2020,2,13,1,2020-02-13 00:00:00+00:00,2020-02
Laos,0.0,2020,2,14,1,2020-02-14 00:00:00+00:00,2020-02
Laos,0.0,2020,2,15,1,2020-02-15 00:00:00+00:00,2020-02
Laos,0.0,2020,2,16,1,2020-02-16 00:00:00+00:00,2020-02
Laos,0.0,2020,2,17,1,2020-02-17 00:00:00+00:00,2020-02
Laos,0.0,2020,2,18,1,2020-02-18 00:00:00+00:00,2020-02
Laos,0.0,2020,2,19,1,2020-02-19 00:00:00+00:00,2020-02
Laos,0.0,2020,2,20,1,2020-02-20 00:00:00+00:00,2020-02
Laos,0.0,2020,2,21,1,2020-02-21 00:00:00+00:00,2020-02
Laos,0.0,2020,2,22,1,2020-02-22 00:00:00+00:00,2020-02
Laos,0.0,2020,2,23,1,2020-02-23 00:00:00+00:00,2020-02
Laos,0.0,2020,2,24,1,2020-02-24 00:00:00+00:00,2020-02
Laos,0.0,2020,2,25,1,2020-02-25 00:00:00+00:00,2020-02
Laos,0.0,2020,2,26,1,2020-02-26 00:00:00+00:00,2020-02
Laos,0.0,2020,2,27,1,2020-02-27 00:00:00+00:00,2020-02
Laos,0.0,2020,2,28,1,2020-02-28 00:00:00+00:00,2020-02
Laos,0.0,2020,2,29,1,2020-02-29 00:00:00+00:00,2020-02
Laos,0.0,2020,3,1,1,2020-03-01 00:00:00+00:00,2020-03
Laos,0.0,2020,3,2,1,2020-03-02 00:00:00+00:00,2020-03
Laos,0.0,2020,3,3,1,2020-03-03 00:00:00+00:00,2020-03
Laos,0.0,2020,3,4,1,2020-03-04 00:00:00+00:00,2020-03
Laos,0.0,2020,3,5,1,2020-03-05 00:00:00+00:00,2020-03
Laos,0.0,2020,3,6,1,2020-03-06 00:00:00+00:00,2020-03
Laos,0.0,2020,3,7,1,2020-03-07 00:00:00+00:00,2020-03
Laos,0.0,2020,3,8,1,2020-03-08 00:00:00+00:00,2020-03
Laos,0.0,2020,3,9,1,2020-03-09 00:00:00+00:00,2020-03
Laos,0.0,2020,3,10,1,2020-03-10 00:00:00+00:00,2020-03
Laos,0.0,2020,3,11,1,2020-03-11 00:00:00+00:00,2020-03
Laos,0.0,2020,3,12,1,2020-03-12 00:00:00+00:00,2020-03
Laos,0.0,2020,3,13,1,2020-03-13 00:00:00+00:00,2020-03
Laos,0.0,2020,3,14,1,2020-03-14 00:00:00+00:00,2020-03
Laos,0.0,2020,3,15,1,2020-03-15 00:00:00+00:00,2020-03
Laos,0.0,2020,3,16,1,2020-03-16 00:00:00+00:00,2020-03
Laos,0.0,2020,3,17,1,2020-03-17 00:00:00+00:00,2020-03
Laos,0.0,2020,3,18,1,2020-03-18 00:00:00+00:00,2020-03
Laos,0.0,2020,3,19,1,2020-03-19 00:00:00+00:00,2020-03
Laos,0.0,2020,3,20,1,2020-03-20 00:00:00+00:00,2020-03
Laos,0.0,2020,3,21,1,2020-03-21 00:00:00+00:00,2020-03
Laos,0.0,2020,3,22,1,2020-03-22 00:00:00+00:00,2020-03
Laos,0.0,2020,3,23,1,2020-03-23 00:00:00+00:00,2020-03
Laos,2.0,2020,3,24,1,2020-03-24 00:00:00+00:00,2020-03
Laos,1.0,2020,3,25,1,2020-03-25 00:00:00+00:00,2020-03
Laos,3.0,2020,3,26,1,2020-03-26 00:00:00+00:00,2020-03
Laos,0.0,2020,3,27,1,2020-03-27 00:00:00+00:00,2020-03
Laos,2.0,2020,3,28,1,2020-03-28 00:00:00+00:00,2020-03
Laos,0.0,2020,3,29,1,2020-03-29 00:00:00+00:00,2020-03
Laos,0.0,2020,3,30,1,2020-03-30 00:00:00+00:00,2020-03
Laos,1.0,2020,3,31,1,2020-03-31 00:00:00+00:00,2020-03
Laos,1.0,2020,4,1,2,2020-04-01 00:00:00+00:00,2020-04
Laos,0.0,2020,4,2,2,2020-04-02 00:00:00+00:00,2020-04
Laos,0.0,2020,4,3,2,2020-04-03 00:00:00+00:00,2020-04
Laos,0.0,2020,4,4,2,2020-04-04 00:00:00+00:00,2020-04
Laos,1.0,2020,4,5,2,2020-04-05 00:00:00+00:00,2020-04
Laos,1.0,2020,4,6,2,2020-04-06 00:00:00+00:00,2020-04
Laos,2.0,2020,4,7,2,2020-04-07 00:00:00+00:00,2020-04
Laos,1.0,2020,4,8,2,2020-04-08 00:00:00+00:00,2020-04
Laos,1.0,2020,4,9,2,2020-04-09 00:00:00+00:00,2020-04
Laos,0.0,2020,4,10,2,2020-04-10 00:00:00+00:00,2020-04
Laos,2.0,2020,4,11,2,2020-04-11 00:00:00+00:00,2020-04
Laos,1.0,2020,4,12,2,2020-04-12 00:00:00+00:00,2020-04
Laos,0.0,2020,4,13,2,2020-04-13 00:00:00+00:00,2020-04
Laos,0.0,2020,4,14,2,2020-04-14 00:00:00+00:00,2020-04
Laos,0.0,2020,4,15,2,2020-04-15 00:00:00+00:00,2020-04
Laos,0.0,2020,4,16,2,2020-04-16 00:00:00+00:00,2020-04
Laos,0.0,2020,4,17,2,2020-04-17 00:00:00+00:00,2020-04
Laos,0.0,2020,4,18,2,2020-04-18 00:00:00+00:00,2020-04
Laos,0.0,2020,4,19,2,2020-04-19 00:00:00+00:00,2020-04
Laos,0.0,2020,4,20,2,2020-04-20 00:00:00+00:00,2020-04
Laos,0.0,2020,4,21,2,2020-04-21 00:00:00+00:00,2020-04
Laos,0.0,2020,4,22,2,2020-04-22 00:00:00+00:00,2020-04
Laos,0.0,2020,4,23,2,2020-04-23 00:00:00+00:00,2020-04
Laos,0.0,2020,4,24,2,2020-04-24 00:00:00+00:00,2020-04
Laos,0.0,2020,4,25,2,2020-04-25 00:00:00+00:00,2020-04
Laos,0.0,2020,4,26,2,2020-04-26 00:00:00+00:00,2020-04
Laos,0.0,2020,4,27,2,2020-04-27 00:00:00+00:00,2020-04
Laos,0.0,2020,4,28,2,2020-04-28 00:00:00+00:00,2020-04
Laos,0.0,2020,4,29,2,2020-04-29 00:00:00+00:00,2020-04
Laos,0.0,2020,4,30,2,2020-04-30 00:00:00+00:00,2020-04
Laos,0.0,2020,5,1,2,2020-05-01 00:00:00+00:00,2020-05
Laos,0.0,2020,5,2,2,2020-05-02 00:00:00+00:00,2020-05
Laos,0.0,2020,5,3,2,2020-05-03 00:00:00+00:00,2020-05
Laos,0.0,2020,5,4,2,2020-05-04 00:00:00+00:00,2020-05
Laos,0.0,2020,5,5,2,2020-05-05 00:00:00+00:00,2020-05
Laos,0.0,2020,5,6,2,2020-05-06 00:00:00+00:00,2020-05
Laos,0.0,2020,5,7,2,2020-05-07 00:00:00+00:00,2020-05
Laos,0.0,2020,5,8,2,2020-05-08 00:00:00+00:00,2020-05
Laos,0.0,2020,5,9,2,2020-05-09 00:00:00+00:00,2020-05
Laos,0.0,2020,5,10,2,2020-05-10 00:00:00+00:00,2020-05
Laos,0.0,2020,5,11,2,2020-05-11 00:00:00+00:00,2020-05
Laos,0.0,2020,5,12,2,2020-05-12 00:00:00+00:00,2020-05
Laos,0.0,2020,5,13,2,2020-05-13 00:00:00+00:00,2020-05
Laos,0.0,2020,5,14,2,2020-05-14 00:00:00+00:00,2020-05
Laos,0.0,2020,5,15,2,2020-05-15 00:00:00+00:00,2020-05
Laos,0.0,2020,5,16,2,2020-05-16 00:00:00+00:00,2020-05
Laos,0.0,2020,5,17,2,2020-05-17 00:00:00+00:00,2020-05
Laos,0.0,2020,5,18,2,2020-05-18 00:00:00+00:00,2020-05
Laos,0.0,2020,5,19,2,2020-05-19 00:00:00+00:00,2020-05
Laos,0.0,2020,5,20,2,2020-05-20 00:00:00+00:00,2020-05
Laos,0.0,2020,5,21,2,2020-05-21 00:00:00+00:00,2020-05
Laos,0.0,2020,5,22,2,2020-05-22 00:00:00+00:00,2020-05
Laos,0.0,2020,5,23,2,2020-05-23 00:00:00+00:00,2020-05
Laos,0.0,2020,5,24,2,2020-05-24 00:00:00+00:00,2020-05
Laos,0.0,2020,5,25,2,2020-05-25 00:00:00+00:00,2020-05
Laos,0.0,2020,5,26,2,2020-05-26 00:00:00+00:00,2020-05
Laos,0.0,2020,5,27,2,2020-05-27 00:00:00+00:00,2020-05
Laos,0.0,2020,5,28,2,2020-05-28 00:00:00+00:00,2020-05
Laos,0.0,2020,5,29,2,2020-05-29 00:00:00+00:00,2020-05
Laos,0.0,2020,5,30,2,2020-05-30 00:00:00+00:00,2020-05
Laos,0.0,2020,5,31,2,2020-05-31 00:00:00+00:00,2020-05
Laos,0.0,2020,6,1,2,2020-06-01 00:00:00+00:00,2020-06
Laos,0.0,2020,6,2,2,2020-06-02 00:00:00+00:00,2020-06
Laos,0.0,2020,6,3,2,2020-06-03 00:00:00+00:00,2020-06
Laos,0.0,2020,6,4,2,2020-06-04 00:00:00+00:00,2020-06
Laos,0.0,2020,6,5,2,2020-06-05 00:00:00+00:00,2020-06
Laos,0.0,2020,6,6,2,2020-06-06 00:00:00+00:00,2020-06
Laos,0.0,2020,6,7,2,2020-06-07 00:00:00+00:00,2020-06
Laos,0.0,2020,6,8,2,2020-06-08 00:00:00+00:00,2020-06
Laos,0.0,2020,6,9,2,2020-06-09 00:00:00+00:00,2020-06
Laos,0.0,2020,6,10,2,2020-06-10 00:00:00+00:00,2020-06
Laos,0.0,2020,6,11,2,2020-06-11 00:00:00+00:00,2020-06
Laos,0.0,2020,6,12,2,2020-06-12 00:00:00+00:00,2020-06
Laos,0.0,2020,6,13,2,2020-06-13 00:00:00+00:00,2020-06
Laos,0.0,2020,6,14,2,2020-06-14 00:00:00+00:00,2020-06
Laos,0.0,2020,6,15,2,2020-06-15 00:00:00+00:00,2020-06
Laos,0.0,2020,6,16,2,2020-06-16 00:00:00+00:00,2020-06
Laos,0.0,2020,6,17,2,2020-06-17 00:00:00+00:00,2020-06
Laos,0.0,2020,6,18,2,2020-06-18 00:00:00+00:00,2020-06
Laos,0.0,2020,6,19,2,2020-06-19 00:00:00+00:00,2020-06
Laos,0.0,2020,6,20,2,2020-06-20 00:00:00+00:00,2020-06
Laos,0.0,2020,6,21,2,2020-06-21 00:00:00+00:00,2020-06
Laos,0.0,2020,6,22,2,2020-06-22 00:00:00+00:00,2020-06
Laos,0.0,2020,6,23,2,2020-06-23 00:00:00+00:00,2020-06
Laos,0.0,2020,6,24,2,2020-06-24 00:00:00+00:00,2020-06
Laos,0.0,2020,6,25,2,2020-06-25 00:00:00+00:00,2020-06
Laos,0.0,2020,6,26,2,2020-06-26 00:00:00+00:00,2020-06
Laos,0.0,2020,6,27,2,2020-06-27 00:00:00+00:00,2020-06
Laos,0.0,2020,6,28,2,2020-06-28 00:00:00+00:00,2020-06
Laos,0.0,2020,6,29,2,2020-06-29 00:00:00+00:00,2020-06
Laos,0.0,2020,6,30,2,2020-06-30 00:00:00+00:00,2020-06
Laos,0.0,2020,7,1,3,2020-07-01 00:00:00+00:00,2020-07
Laos,0.0,2020,7,2,3,2020-07-02 00:00:00+00:00,2020-07
Laos,0.0,2020,7,3,3,2020-07-03 00:00:00+00:00,2020-07
Laos,0.0,2020,7,4,3,2020-07-04 00:00:00+00:00,2020-07
Laos,0.0,2020,7,5,3,2020-07-05 00:00:00+00:00,2020-07
Laos,0.0,2020,7,6,3,2020-07-06 00:00:00+00:00,2020-07
Laos,0.0,2020,7,7,3,2020-07-07 00:00:00+00:00,2020-07
Laos,0.0,2020,7,8,3,2020-07-08 00:00:00+00:00,2020-07
Laos,0.0,2020,7,9,3,2020-07-09 00:00:00+00:00,2020-07
Laos,0.0,2020,7,10,3,2020-07-10 00:00:00+00:00,2020-07
Laos,0.0,2020,7,11,3,2020-07-11 00:00:00+00:00,2020-07
Laos,0.0,2020,7,12,3,2020-07-12 00:00:00+00:00,2020-07
Laos,0.0,2020,7,13,3,2020-07-13 00:00:00+00:00,2020-07
Laos,0.0,2020,7,14,3,2020-07-14 00:00:00+00:00,2020-07
Laos,0.0,2020,7,15,3,2020-07-15 00:00:00+00:00,2020-07
Laos,0.0,2020,7,16,3,2020-07-16 00:00:00+00:00,2020-07
Laos,0.0,2020,7,17,3,2020-07-17 00:00:00+00:00,2020-07
Laos,0.0,2020,7,18,3,2020-07-18 00:00:00+00:00,2020-07
Laos,0.0,2020,7,19,3,2020-07-19 00:00:00+00:00,2020-07
Laos,0.0,2020,7,20,3,2020-07-20 00:00:00+00:00,2020-07
Laos,0.0,2020,7,21,3,2020-07-21 00:00:00+00:00,2020-07
Laos,0.0,2020,7,22,3,2020-07-22 00:00:00+00:00,2020-07
Laos,0.0,2020,7,23,3,2020-07-23 00:00:00+00:00,2020-07
Laos,1.0,2020,7,24,3,2020-07-24 00:00:00+00:00,2020-07
Laos,0.0,2020,7,25,3,2020-07-25 00:00:00+00:00,2020-07
Laos,0.0,2020,7,26,3,2020-07-26 00:00:00+00:00,2020-07
Laos,0.0,2020,7,27,3,2020-07-27 00:00:00+00:00,2020-07
Laos,0.0,2020,7,28,3,2020-07-28 00:00:00+00:00,2020-07
Laos,0.0,2020,7,29,3,2020-07-29 00:00:00+00:00,2020-07
Laos,0.0,2020,7,30,3,2020-07-30 00:00:00+00:00,2020-07
Laos,0.0,2020,7,31,3,2020-07-31 00:00:00+00:00,2020-07
Laos,0.0,2020,8,1,3,2020-08-01 00:00:00+00:00,2020-08
Laos,0.0,2020,8,2,3,2020-08-02 00:00:00+00:00,2020-08
Laos,0.0,2020,8,3,3,2020-08-03 00:00:00+00:00,2020-08
Laos,0.0,2020,8,4,3,2020-08-04 00:00:00+00:00,2020-08
Laos,0.0,2020,8,5,3,2020-08-05 00:00:00+00:00,2020-08
Laos,0.0,2020,8,6,3,2020-08-06 00:00:00+00:00,2020-08
Laos,0.0,2020,8,7,3,2020-08-07 00:00:00+00:00,2020-08
Laos,0.0,2020,8,8,3,2020-08-08 00:00:00+00:00,2020-08
Laos,0.0,2020,8,9,3,2020-08-09 00:00:00+00:00,2020-08
Laos,0.0,2020,8,10,3,2020-08-10 00:00:00+00:00,2020-08
Laos,0.0,2020,8,11,3,2020-08-11 00:00:00+00:00,2020-08
Laos,0.0,2020,8,12,3,2020-08-12 00:00:00+00:00,2020-08
Laos,0.0,2020,8,13,3,2020-08-13 00:00:00+00:00,2020-08
Laos,2.0,2020,8,14,3,2020-08-14 00:00:00+00:00,2020-08
Laos,0.0,2020,8,15,3,2020-08-15 00:00:00+00:00,2020-08
Laos,0.0,2020,8,16,3,2020-08-16 00:00:00+00:00,2020-08
Laos,0.0,2020,8,17,3,2020-08-17 00:00:00+00:00,2020-08
Laos,0.0,2020,8,18,3,2020-08-18 00:00:00+00:00,2020-08
Laos,0.0,2020,8,19,3,2020-08-19 00:00:00+00:00,2020-08
Laos,0.0,2020,8,20,3,2020-08-20 00:00:00+00:00,2020-08
Laos,0.0,2020,8,21,3,2020-08-21 00:00:00+00:00,2020-08
Laos,0.0,2020,8,22,3,2020-08-22 00:00:00+00:00,2020-08
Laos,0.0,2020,8,23,3,2020-08-23 00:00:00+00:00,2020-08
Laos,0.0,2020,8,24,3,2020-08-24 00:00:00+00:00,2020-08
Laos,0.0,2020,8,25,3,2020-08-25 00:00:00+00:00,2020-08
Laos,0.0,2020,8,26,3,2020-08-26 00:00:00+00:00,2020-08
Laos,0.0,2020,8,27,3,2020-08-27 00:00:00+00:00,2020-08
Laos,0.0,2020,8,28,3,2020-08-28 00:00:00+00:00,2020-08
Laos,0.0,2020,8,29,3,2020-08-29 00:00:00+00:00,2020-08
Laos,0.0,2020,8,30,3,2020-08-30 00:00:00+00:00,2020-08
Laos,0.0,2020,8,31,3,2020-08-31 00:00:00+00:00,2020-08
Laos,0.0,2020,9,1,3,2020-09-01 00:00:00+00:00,2020-09
Laos,0.0,2020,9,2,3,2020-09-02 00:00:00+00:00,2020-09
Laos,0.0,2020,9,3,3,2020-09-03 00:00:00+00:00,2020-09
Laos,0.0,2020,9,4,3,2020-09-04 00:00:00+00:00,2020-09
Laos,0.0,2020,9,5,3,2020-09-05 00:00:00+00:00,2020-09
Laos,0.0,2020,9,6,3,2020-09-06 00:00:00+00:00,2020-09
Laos,0.0,2020,9,7,3,2020-09-07 00:00:00+00:00,2020-09
Laos,0.0,2020,9,8,3,2020-09-08 00:00:00+00:00,2020-09
Laos,0.0,2020,9,9,3,2020-09-09 00:00:00+00:00,2020-09
Laos,0.0,2020,9,10,3,2020-09-10 00:00:00+00:00,2020-09
Laos,1.0,2020,9,11,3,2020-09-11 00:00:00+00:00,2020-09
Laos,0.0,2020,9,12,3,2020-09-12 00:00:00+00:00,2020-09
Laos,0.0,2020,9,13,3,2020-09-13 00:00:00+00:00,2020-09
Laos,0.0,2020,9,14,3,2020-09-14 00:00:00+00:00,2020-09
Laos,0.0,2020,9,15,3,2020-09-15 00:00:00+00:00,2020-09
Laos,0.0,2020,9,16,3,2020-09-16 00:00:00+00:00,2020-09
Laos,0.0,2020,9,17,3,2020-09-17 00:00:00+00:00,2020-09
Laos,0.0,2020,9,18,3,2020-09-18 00:00:00+00:00,2020-09
Laos,0.0,2020,9,19,3,2020-09-19 00:00:00+00:00,2020-09
Laos,0.0,2020,9,20,3,2020-09-20 00:00:00+00:00,2020-09
Laos,0.0,2020,9,21,3,2020-09-21 00:00:00+00:00,2020-09
Laos,0.0,2020,9,22,3,2020-09-22 00:00:00+00:00,2020-09
Laos,0.0,2020,9,23,3,2020-09-23 00:00:00+00:00,2020-09
Laos,0.0,2020,9,24,3,2020-09-24 00:00:00+00:00,2020-09
Laos,0.0,2020,9,25,3,2020-09-25 00:00:00+00:00,2020-09
Laos,0.0,2020,9,26,3,2020-09-26 00:00:00+00:00,2020-09
Laos,0.0,2020,9,27,3,2020-09-27 00:00:00+00:00,2020-09
Laos,0.0,2020,9,28,3,2020-09-28 00:00:00+00:00,2020-09
Laos,0.0,2020,9,29,3,2020-09-29 00:00:00+00:00,2020-09
Laos,0.0,2020,9,30,3,2020-09-30 00:00:00+00:00,2020-09
Laos,0.0,2020,10,1,4,2020-10-01 00:00:00+00:00,2020-10
Laos,0.0,2020,10,2,4,2020-10-02 00:00:00+00:00,2020-10
Laos,0.0,2020,10,3,4,2020-10-03 00:00:00+00:00,2020-10
Laos,0.0,2020,10,4,4,2020-10-04 00:00:00+00:00,2020-10
Laos,0.0,2020,10,5,4,2020-10-05 00:00:00+00:00,2020-10
Laos,0.0,2020,10,6,4,2020-10-06 00:00:00+00:00,2020-10
Laos,0.0,2020,10,7,4,2020-10-07 00:00:00+00:00,2020-10
Laos,0.0,2020,10,8,4,2020-10-08 00:00:00+00:00,2020-10
Laos,0.0,2020,10,9,4,2020-10-09 00:00:00+00:00,2020-10
Laos,0.0,2020,10,10,4,2020-10-10 00:00:00+00:00,2020-10
Laos,0.0,2020,10,11,4,2020-10-11 00:00:00+00:00,2020-10
Laos,0.0,2020,10,12,4,2020-10-12 00:00:00+00:00,2020-10
Laos,0.0,2020,10,13,4,2020-10-13 00:00:00+00:00,2020-10
Laos,0.0,2020,10,14,4,2020-10-14 00:00:00+00:00,2020-10
Laos,0.0,2020,10,15,4,2020-10-15 00:00:00+00:00,2020-10
Laos,0.0,2020,10,16,4,2020-10-16 00:00:00+00:00,2020-10
Laos,0.0,2020,10,17,4,2020-10-17 00:00:00+00:00,2020-10
Laos,0.0,2020,10,18,4,2020-10-18 00:00:00+00:00,2020-10
Laos,0.0,2020,10,19,4,2020-10-19 00:00:00+00:00,2020-10
Laos,0.0,2020,10,20,4,2020-10-20 00:00:00+00:00,2020-10
Laos,1.0,2020,10,21,4,2020-10-21 00:00:00+00:00,2020-10
Laos,0.0,2020,10,22,4,2020-10-22 00:00:00+00:00,2020-10
Laos,0.0,2020,10,23,4,2020-10-23 00:00:00+00:00,2020-10
Laos,0.0,2020,10,24,4,2020-10-24 00:00:00+00:00,2020-10
Laos,0.0,2020,10,25,4,2020-10-25 00:00:00+00:00,2020-10
Laos,0.0,2020,10,26,4,2020-10-26 00:00:00+00:00,2020-10
Laos,0.0,2020,10,27,4,2020-10-27 00:00:00+00:00,2020-10
Laos,0.0,2020,10,28,4,2020-10-28 00:00:00+00:00,2020-10
Laos,0.0,2020,10,29,4,2020-10-29 00:00:00+00:00,2020-10
Laos,0.0,2020,10,30,4,2020-10-30 00:00:00+00:00,2020-10
Laos,0.0,2020,10,31,4,2020-10-31 00:00:00+00:00,2020-10
Laos,0.0,2020,11,1,4,2020-11-01 00:00:00+00:00,2020-11
Laos,0.0,2020,11,2,4,2020-11-02 00:00:00+00:00,2020-11
Laos,0.0,2020,11,3,4,2020-11-03 00:00:00+00:00,2020-11
Laos,0.0,2020,11,4,4,2020-11-04 00:00:00+00:00,2020-11
Laos,0.0,2020,11,5,4,2020-11-05 00:00:00+00:00,2020-11
Laos,0.0,2020,11,6,4,2020-11-06 00:00:00+00:00,2020-11
Laos,0.0,2020,11,7,4,2020-11-07 00:00:00+00:00,2020-11
Laos,0.0,2020,11,8,4,2020-11-08 00:00:00+00:00,2020-11
Laos,0.0,2020,11,9,4,2020-11-09 00:00:00+00:00,2020-11
Laos,0.0,2020,11,10,4,2020-11-10 00:00:00+00:00,2020-11
Laos,0.0,2020,11,11,4,2020-11-11 00:00:00+00:00,2020-11
Laos,0.0,2020,11,12,4,2020-11-12 00:00:00+00:00,2020-11
Laos,0.0,2020,11,13,4,2020-11-13 00:00:00+00:00,2020-11
Laos,0.0,2020,11,14,4,2020-11-14 00:00:00+00:00,2020-11
Laos,0.0,2020,11,15,4,2020-11-15 00:00:00+00:00,2020-11
Laos,0.0,2020,11,16,4,2020-11-16 00:00:00+00:00,2020-11
Laos,1.0,2020,11,17,4,2020-11-17 00:00:00+00:00,2020-11
Laos,0.0,2020,11,18,4,2020-11-18 00:00:00+00:00,2020-11
Laos,0.0,2020,11,19,4,2020-11-19 00:00:00+00:00,2020-11
Laos,0.0,2020,11,20,4,2020-11-20 00:00:00+00:00,2020-11
Laos,0.0,2020,11,21,4,2020-11-21 00:00:00+00:00,2020-11
Laos,0.0,2020,11,22,4,2020-11-22 00:00:00+00:00,2020-11
Laos,14.0,2020,11,23,4,2020-11-23 00:00:00+00:00,2020-11
Laos,0.0,2020,11,24,4,2020-11-24 00:00:00+00:00,2020-11
Laos,0.0,2020,11,25,4,2020-11-25 00:00:00+00:00,2020-11
Laos,0.0,2020,11,26,4,2020-11-26 00:00:00+00:00,2020-11
Laos,0.0,2020,11,27,4,2020-11-27 00:00:00+00:00,2020-11
Laos,0.0,2020,11,28,4,2020-11-28 00:00:00+00:00,2020-11
Laos,0.0,2020,11,29,4,2020-11-29 00:00:00+00:00,2020-11
Laos,0.0,2020,11,30,4,2020-11-30 00:00:00+00:00,2020-11
Laos,0.0,2020,12,1,4,2020-12-01 00:00:00+00:00,2020-12
Laos,0.0,2020,12,2,4,2020-12-02 00:00:00+00:00,2020-12
Laos,0.0,2020,12,3,4,2020-12-03 00:00:00+00:00,2020-12
Laos,0.0,2020,12,4,4,2020-12-04 00:00:00+00:00,2020-12
Laos,0.0,2020,12,5,4,2020-12-05 00:00:00+00:00,2020-12
Laos,0.0,2020,12,6,4,2020-12-06 00:00:00+00:00,2020-12
Laos,2.0,2020,12,7,4,2020-12-07 00:00:00+00:00,2020-12
Laos,0.0,2020,12,8,4,2020-12-08 00:00:00+00:00,2020-12
Laos,0.0,2020,12,9,4,2020-12-09 00:00:00+00:00,2020-12
Laos,0.0,2020,12,10,4,2020-12-10 00:00:00+00:00,2020-12
Laos,0.0,2020,12,11,4,2020-12-11 00:00:00+00:00,2020-12
Laos,0.0,2020,12,12,4,2020-12-12 00:00:00+00:00,2020-12
Laos,0.0,2020,12,13,4,2020-12-13 00:00:00+00:00,2020-12
Laos,0.0,2020,12,14,4,2020-12-14 00:00:00+00:00,2020-12
Laos,0.0,2020,12,15,4,2020-12-15 00:00:00+00:00,2020-12
Laos,0.0,2020,12,16,4,2020-12-16 00:00:00+00:00,2020-12
Laos,0.0,2020,12,17,4,2020-12-17 00:00:00+00:00,2020-12
Laos,0.0,2020,12,18,4,2020-12-18 00:00:00+00:00,2020-12
Laos,0.0,2020,12,19,4,2020-12-19 00:00:00+00:00,2020-12
Laos,0.0,2020,12,20,4,2020-12-20 00:00:00+00:00,2020-12
Laos,0.0,2020,12,21,4,2020-12-21 00:00:00+00:00,2020-12
Laos,0.0,2020,12,22,4,2020-12-22 00:00:00+00:00,2020-12
Laos,0.0,2020,12,23,4,2020-12-23 00:00:00+00:00,2020-12
Laos,0.0,2020,12,24,4,2020-12-24 00:00:00+00:00,2020-12
Laos,0.0,2020,12,25,4,2020-12-25 00:00:00+00:00,2020-12
Laos,0.0,2020,12,26,4,2020-12-26 00:00:00+00:00,2020-12
Laos,0.0,2020,12,27,4,2020-12-27 00:00:00+00:00,2020-12
Laos,0.0,2020,12,28,4,2020-12-28 00:00:00+00:00,2020-12
Laos,0.0,2020,12,29,4,2020-12-29 00:00:00+00:00,2020-12
Laos,0.0,2020,12,30,4,2020-12-30 00:00:00+00:00,2020-12
Laos,0.0,2020,12,31,4,2020-12-31 00:00:00+00:00,2020-12
Laos,0.0,2021,1,1,1,2021-01-01 00:00:00+00:00,2021-01
Laos,0.0,2021,1,2,1,2021-01-02 00:00:00+00:00,2021-01
Laos,0.0,2021,1,3,1,2021-01-03 00:00:00+00:00,2021-01
Laos,0.0,2021,1,4,1,2021-01-04 00:00:00+00:00,2021-01
Laos,0.0,2021,1,5,1,2021-01-05 00:00:00+00:00,2021-01
Laos,0.0,2021,1,6,1,2021-01-06 00:00:00+00:00,2021-01
Laos,0.0,2021,1,7,1,2021-01-07 00:00:00+00:00,2021-01
Laos,0.0,2021,1,8,1,2021-01-08 00:00:00+00:00,2021-01
Laos,0.0,2021,1,9,1,2021-01-09 00:00:00+00:00,2021-01
Laos,0.0,2021,1,10,1,2021-01-10 00:00:00+00:00,2021-01
Laos,0.0,2021,1,11,1,2021-01-11 00:00:00+00:00,2021-01
Laos,0.0,2021,1,12,1,2021-01-12 00:00:00+00:00,2021-01
Laos,0.0,2021,1,13,1,2021-01-13 00:00:00+00:00,2021-01
Laos,0.0,2021,1,14,1,2021-01-14 00:00:00+00:00,2021-01
Laos,0.0,2021,1,15,1,2021-01-15 00:00:00+00:00,2021-01
Laos,0.0,2021,1,16,1,2021-01-16 00:00:00+00:00,2021-01
Laos,0.0,2021,1,17,1,2021-01-17 00:00:00+00:00,2021-01
Laos,0.0,2021,1,18,1,2021-01-18 00:00:00+00:00,2021-01
Laos,0.0,2021,1,19,1,2021-01-19 00:00:00+00:00,2021-01
Laos,0.0,2021,1,20,1,2021-01-20 00:00:00+00:00,2021-01
Laos,0.0,2021,1,21,1,2021-01-21 00:00:00+00:00,2021-01
Laos,0.0,2021,1,22,1,2021-01-22 00:00:00+00:00,2021-01
Laos,0.0,2021,1,23,1,2021-01-23 00:00:00+00:00,2021-01
Laos,0.0,2021,1,24,1,2021-01-24 00:00:00+00:00,2021-01
Laos,3.0,2021,1,25,1,2021-01-25 00:00:00+00:00,2021-01
Laos,0.0,2021,1,26,1,2021-01-26 00:00:00+00:00,2021-01
Laos,0.0,2021,1,27,1,2021-01-27 00:00:00+00:00,2021-01
Laos,0.0,2021,1,28,1,2021-01-28 00:00:00+00:00,2021-01
Laos,0.0,2021,1,29,1,2021-01-29 00:00:00+00:00,2021-01
Laos,0.0,2021,1,30,1,2021-01-30 00:00:00+00:00,2021-01
Laos,0.0,2021,1,31,1,2021-01-31 00:00:00+00:00,2021-01
Laos,0.0,2021,2,1,1,2021-02-01 00:00:00+00:00,2021-02
Laos,0.0,2021,2,2,1,2021-02-02 00:00:00+00:00,2021-02
Laos,1.0,2021,2,3,1,2021-02-03 00:00:00+00:00,2021-02
Laos,0.0,2021,2,4,1,2021-02-04 00:00:00+00:00,2021-02
Laos,0.0,2021,2,5,1,2021-02-05 00:00:00+00:00,2021-02
Laos,0.0,2021,2,6,1,2021-02-06 00:00:00+00:00,2021-02
Laos,0.0,2021,2,7,1,2021-02-07 00:00:00+00:00,2021-02
Laos,0.0,2021,2,8,1,2021-02-08 00:00:00+00:00,2021-02
Laos,0.0,2021,2,9,1,2021-02-09 00:00:00+00:00,2021-02
Laos,0.0,2021,2,10,1,2021-02-10 00:00:00+00:00,2021-02
Laos,0.0,2021,2,11,1,2021-02-11 00:00:00+00:00,2021-02
Laos,0.0,2021,2,12,1,2021-02-12 00:00:00+00:00,2021-02
Laos,0.0,2021,2,13,1,2021-02-13 00:00:00+00:00,2021-02
Laos,0.0,2021,2,14,1,2021-02-14 00:00:00+00:00,2021-02
Laos,0.0,2021,2,15,1,2021-02-15 00:00:00+00:00,2021-02
Laos,0.0,2021,2,16,1,2021-02-16 00:00:00+00:00,2021-02
Laos,0.0,2021,2,17,1,2021-02-17 00:00:00+00:00,2021-02
Laos,0.0,2021,2,18,1,2021-02-18 00:00:00+00:00,2021-02
Laos,0.0,2021,2,19,1,2021-02-19 00:00:00+00:00,2021-02
Laos,0.0,2021,2,20,1,2021-02-20 00:00:00+00:00,2021-02
Laos,0.0,2021,2,21,1,2021-02-21 00:00:00+00:00,2021-02
Laos,0.0,2021,2,22,1,2021-02-22 00:00:00+00:00,2021-02
Laos,0.0,2021,2,23,1,2021-02-23 00:00:00+00:00,2021-02
Laos,0.0,2021,2,24,1,2021-02-24 00:00:00+00:00,2021-02
Laos,0.0,2021,2,25,1,2021-02-25 00:00:00+00:00,2021-02
Laos,0.0,2021,2,26,1,2021-02-26 00:00:00+00:00,2021-02
Laos,0.0,2021,2,27,1,2021-02-27 00:00:00+00:00,2021-02
Laos,0.0,2021,2,28,1,2021-02-28 00:00:00+00:00,2021-02
Laos,0.0,2021,3,1,1,2021-03-01 00:00:00+00:00,2021-03
Laos,0.0,2021,3,2,1,2021-03-02 00:00:00+00:00,2021-03
Laos,0.0,2021,3,3,1,2021-03-03 00:00:00+00:00,2021-03
Laos,0.0,2021,3,4,1,2021-03-04 00:00:00+00:00,2021-03
Laos,2.0,2021,3,5,1,2021-03-05 00:00:00+00:00,2021-03
Laos,0.0,2021,3,6,1,2021-03-06 00:00:00+00:00,2021-03
Laos,0.0,2021,3,7,1,2021-03-07 00:00:00+00:00,2021-03
Laos,0.0,2021,3,8,1,2021-03-08 00:00:00+00:00,2021-03
Laos,0.0,2021,3,9,1,2021-03-09 00:00:00+00:00,2021-03
Laos,0.0,2021,3,10,1,2021-03-10 00:00:00+00:00,2021-03
Laos,1.0,2021,3,11,1,2021-03-11 00:00:00+00:00,2021-03
Laos,0.0,2021,3,12,1,2021-03-12 00:00:00+00:00,2021-03
Laos,0.0,2021,3,13,1,2021-03-13 00:00:00+00:00,2021-03
Laos,0.0,2021,3,14,1,2021-03-14 00:00:00+00:00,2021-03
Laos,0.0,2021,3,15,1,2021-03-15 00:00:00+00:00,2021-03
Laos,0.0,2021,3,16,1,2021-03-16 00:00:00+00:00,2021-03
Laos,1.0,2021,3,17,1,2021-03-17 00:00:00+00:00,2021-03
Laos,0.0,2021,3,18,1,2021-03-18 00:00:00+00:00,2021-03
Laos,0.0,2021,3,19,1,2021-03-19 00:00:00+00:00,2021-03
Laos,0.0,2021,3,20,1,2021-03-20 00:00:00+00:00,2021-03
Laos,0.0,2021,3,21,1,2021-03-21 00:00:00+00:00,2021-03
Laos,0.0,2021,3,22,1,2021-03-22 00:00:00+00:00,2021-03
Laos,0.0,2021,3,23,1,2021-03-23 00:00:00+00:00,2021-03
Laos,0.0,2021,3,24,1,2021-03-24 00:00:00+00:00,2021-03
Laos,0.0,2021,3,25,1,2021-03-25 00:00:00+00:00,2021-03
Laos,0.0,2021,3,26,1,2021-03-26 00:00:00+00:00,2021-03
Laos,0.0,2021,3,27,1,2021-03-27 00:00:00+00:00,2021-03
Laos,0.0,2021,3,28,1,2021-03-28 00:00:00+00:00,2021-03
Laos,0.0,2021,3,29,1,2021-03-29 00:00:00+00:00,2021-03
Laos,0.0,2021,3,30,1,2021-03-30 00:00:00+00:00,2021-03
Laos,0.0,2021,3,31,1,2021-03-31 00:00:00+00:00,2021-03
Laos,0.0,2021,4,1,2,2021-04-01 00:00:00+00:00,2021-04
Laos,0.0,2021,4,2,2,2021-04-02 00:00:00+00:00,2021-04
Laos,0.0,2021,4,3,2,2021-04-03 00:00:00+00:00,2021-04
Laos,0.0,2021,4,4,2,2021-04-04 00:00:00+00:00,2021-04
Laos,0.0,2021,4,5,2,2021-04-05 00:00:00+00:00,2021-04
Laos,0.0,2021,4,6,2,2021-04-06 00:00:00+00:00,2021-04
Laos,0.0,2021,4,7,2,2021-04-07 00:00:00+00:00,2021-04
Laos,0.0,2021,4,8,2,2021-04-08 00:00:00+00:00,2021-04
Laos,0.0,2021,4,9,2,2021-04-09 00:00:00+00:00,2021-04
Laos,0.0,2021,4,10,2,2021-04-10 00:00:00+00:00,2021-04
Laos,2.0,2021,4,11,2,2021-04-11 00:00:00+00:00,2021-04
Laos,1.0,2021,4,12,2,2021-04-12 00:00:00+00:00,2021-04
Laos,0.0,2021,4,13,2,2021-04-13 00:00:00+00:00,2021-04
Laos,1.0,2021,4,14,2,2021-04-14 00:00:00+00:00,2021-04
Laos,0.0,2021,4,15,2,2021-04-15 00:00:00+00:00,2021-04
Laos,1.0,2021,4,16,2,2021-04-16 00:00:00+00:00,2021-04
Laos,4.0,2021,4,17,2,2021-04-17 00:00:00+00:00,2021-04
Laos,0.0,2021,4,18,2,2021-04-18 00:00:00+00:00,2021-04
Laos,0.0,2021,4,19,2,2021-04-19 00:00:00+00:00,2021-04
Laos,2.0,2021,4,20,2,2021-04-20 00:00:00+00:00,2021-04
Laos,28.0,2021,4,21,2,2021-04-21 00:00:00+00:00,2021-04
Laos,6.0,2021,4,22,2,2021-04-22 00:00:00+00:00,2021-04
Laos,65.0,2021,4,23,2,2021-04-23 00:00:00+00:00,2021-04
Laos,88.0,2021,4,24,2,2021-04-24 00:00:00+00:00,2021-04
Laos,76.0,2021,4,25,2,2021-04-25 00:00:00+00:00,2021-04
Laos,113.0,2021,4,26,2,2021-04-26 00:00:00+00:00,2021-04
Laos,75.0,2021,4,27,2,2021-04-27 00:00:00+00:00,2021-04
Laos,93.0,2021,4,28,2,2021-04-28 00:00:00+00:00,2021-04
Laos,68.0,2021,4,29,2,2021-04-29 00:00:00+00:00,2021-04
Laos,85.0,2021,4,30,2,2021-04-30 00:00:00+00:00,2021-04
Laos,64.0,2021,5,1,2,2021-05-01 00:00:00+00:00,2021-05
Laos,112.0,2021,5,2,2,2021-05-02 00:00:00+00:00,2021-05
Laos,33.0,2021,5,3,2,2021-05-03 00:00:00+00:00,2021-05
Laos,60.0,2021,5,4,2,2021-05-04 00:00:00+00:00,2021-05
Laos,46.0,2021,5,5,2,2021-05-05 00:00:00+00:00,2021-05
Laos,105.0,2021,5,6,2,2021-05-06 00:00:00+00:00,2021-05
Laos,28.0,2021,5,7,2,2021-05-07 00:00:00+00:00,2021-05
Laos,28.0,2021,5,8,2,2021-05-08 00:00:00+00:00,2021-05
Laos,69.0,2021,5,9,2,2021-05-09 00:00:00+00:00,2021-05
Laos,25.0,2021,5,10,2,2021-05-10 00:00:00+00:00,2021-05
Laos,35.0,2021,5,11,2,2021-05-11 00:00:00+00:00,2021-05
Laos,55.0,2021,5,12,2,2021-05-12 00:00:00+00:00,2021-05
Laos,65.0,2021,5,13,2,2021-05-13 00:00:00+00:00,2021-05
Laos,16.0,2021,5,14,2,2021-05-14 00:00:00+00:00,2021-05
Laos,72.0,2021,5,15,2,2021-05-15 00:00:00+00:00,2021-05
Laos,21.0,2021,5,16,2,2021-05-16 00:00:00+00:00,2021-05
Laos,47.0,2021,5,17,2,2021-05-17 00:00:00+00:00,2021-05
Laos,49.0,2021,5,18,2,2021-05-18 00:00:00+00:00,2021-05
Laos,50.0,2021,5,19,2,2021-05-19 00:00:00+00:00,2021-05
Laos,14.0,2021,5,20,2,2021-05-20 00:00:00+00:00,2021-05
Laos,12.0,2021,5,21,2,2021-05-21 00:00:00+00:00,2021-05
Laos,19.0,2021,5,22,2,2021-05-22 00:00:00+00:00,2021-05
Laos,19.0,2021,5,23,2,2021-05-23 00:00:00+00:00,2021-05
Laos,21.0,2021,5,24,2,2021-05-24 00:00:00+00:00,2021-05
Laos,56.0,2021,5,25,2,2021-05-25 00:00:00+00:00,2021-05
Laos,5.0,2021,5,26,2,2021-05-26 00:00:00+00:00,2021-05
Laos,12.0,2021,5,27,2,2021-05-27 00:00:00+00:00,2021-05
Laos,10.0,2021,5,28,2,2021-05-28 00:00:00+00:00,2021-05
Laos,3.0,2021,5,29,2,2021-05-29 00:00:00+00:00,2021-05
Laos,3.0,2021,5,30,2,2021-05-30 00:00:00+00:00,2021-05
Laos,1.0,2021,5,31,2,2021-05-31 00:00:00+00:00,2021-05
Laos,17.0,2021,6,1,2,2021-06-01 00:00:00+00:00,2021-06
Laos,5.0,2021,6,2,2,2021-06-02 00:00:00+00:00,2021-06
Laos,9.0,2021,6,3,2,2021-06-03 00:00:00+00:00,2021-06
Laos,9.0,2021,6,4,2,2021-06-04 00:00:00+00:00,2021-06
Laos,5.0,2021,6,5,2,2021-06-05 00:00:00+00:00,2021-06
Laos,6.0,2021,6,6,2,2021-06-06 00:00:00+00:00,2021-06
Laos,5.0,2021,6,7,2,2021-06-07 00:00:00+00:00,2021-06
Laos,2.0,2021,6,8,2,2021-06-08 00:00:00+00:00,2021-06
Laos,1.0,2021,6,9,2,2021-06-09 00:00:00+00:00,2021-06
Laos,4.0,2021,6,10,2,2021-06-10 00:00:00+00:00,2021-06
Laos,4.0,2021,6,11,2,2021-06-11 00:00:00+00:00,2021-06
Laos,11.0,2021,6,12,2,2021-06-12 00:00:00+00:00,2021-06
Laos,6.0,2021,6,13,2,2021-06-13 00:00:00+00:00,2021-06
Laos,14.0,2021,6,14,2,2021-06-14 00:00:00+00:00,2021-06
Laos,15.0,2021,6,15,2,2021-06-15 00:00:00+00:00,2021-06
Laos,8.0,2021,6,16,2,2021-06-16 00:00:00+00:00,2021-06
Laos,1.0,2021,6,17,2,2021-06-17 00:00:00+00:00,2021-06
Laos,13.0,2021,6,18,2,2021-06-18 00:00:00+00:00,2021-06
Laos,3.0,2021,6,19,2,2021-06-19 00:00:00+00:00,2021-06
Laos,3.0,2021,6,20,2,2021-06-20 00:00:00+00:00,2021-06
Laos,1.0,2021,6,21,2,2021-06-21 00:00:00+00:00,2021-06
Laos,13.0,2021,6,22,2,2021-06-22 00:00:00+00:00,2021-06
Laos,9.0,2021,6,23,2,2021-06-23 00:00:00+00:00,2021-06
Laos,4.0,2021,6,24,2,2021-06-24 00:00:00+00:00,2021-06
Laos,14.0,2021,6,25,2,2021-06-25 00:00:00+00:00,2021-06
Laos,6.0,2021,6,26,2,2021-06-26 00:00:00+00:00,2021-06
Laos,10.0,2021,6,27,2,2021-06-27 00:00:00+00:00,2021-06
Laos,0.0,2021,6,28,2,2021-06-28 00:00:00+00:00,2021-06
Laos,0.0,2021,6,29,2,2021-06-29 00:00:00+00:00,2021-06
Laos,11.0,2021,6,30,2,2021-06-30 00:00:00+00:00,2021-06
Laos,23.0,2021,7,1,3,2021-07-01 00:00:00+00:00,2021-07
Laos,32.0,2021,7,2,3,2021-07-02 00:00:00+00:00,2021-07
Laos,37.0,2021,7,3,3,2021-07-03 00:00:00+00:00,2021-07
Laos,31.0,2021,7,4,3,2021-07-04 00:00:00+00:00,2021-07
Laos,56.0,2021,7,5,3,2021-07-05 00:00:00+00:00,2021-07
Laos,56.0,2021,7,6,3,2021-07-06 00:00:00+00:00,2021-07
Laos,44.0,2021,7,7,3,2021-07-07 00:00:00+00:00,2021-07
Laos,69.0,2021,7,8,3,2021-07-08 00:00:00+00:00,2021-07
Laos,68.0,2021,7,9,3,2021-07-09 00:00:00+00:00,2021-07
Laos,93.0,2021,7,10,3,2021-07-10 00:00:00+00:00,2021-07
Laos,89.0,2021,7,11,3,2021-07-11 00:00:00+00:00,2021-07
Laos,106.0,2021,7,12,3,2021-07-12 00:00:00+00:00,2021-07
Laos,76.0,2021,7,13,3,2021-07-13 00:00:00+00:00,2021-07
Laos,75.0,2021,7,14,3,2021-07-14 00:00:00+00:00,2021-07
Laos,116.0,2021,7,15,3,2021-07-15 00:00:00+00:00,2021-07
Laos,95.0,2021,7,16,3,2021-07-16 00:00:00+00:00,2021-07
Laos,108.0,2021,7,17,3,2021-07-17 00:00:00+00:00,2021-07
Laos,131.0,2021,7,18,3,2021-07-18 00:00:00+00:00,2021-07
Laos,114.0,2021,7,19,3,2021-07-19 00:00:00+00:00,2021-07
Laos,170.0,2021,7,20,3,2021-07-20 00:00:00+00:00,2021-07
Laos,153.0,2021,7,21,3,2021-07-21 00:00:00+00:00,2021-07
Laos,256.0,2021,7,22,3,2021-07-22 00:00:00+00:00,2021-07
Laos,223.0,2021,7,23,3,2021-07-23 00:00:00+00:00,2021-07
Laos,278.0,2021,7,24,3,2021-07-24 00:00:00+00:00,2021-07
Laos,142.0,2021,7,25,3,2021-07-25 00:00:00+00:00,2021-07
Laos,223.0,2021,7,26,3,2021-07-26 00:00:00+00:00,2021-07
Laos,169.0,2021,7,27,3,2021-07-27 00:00:00+00:00,2021-07
Laos,280.0,2021,7,28,3,2021-07-28 00:00:00+00:00,2021-07
Laos,241.0,2021,7,29,3,2021-07-29 00:00:00+00:00,2021-07
Laos,624.0,2021,7,30,3,2021-07-30 00:00:00+00:00,2021-07
Vietnam,,2020,1,22,1,2020-01-22 00:00:00+00:00,2020-01
Vietnam,2.0,2020,1,23,1,2020-01-23 00:00:00+00:00,2020-01
Vietnam,0.0,2020,1,24,1,2020-01-24 00:00:00+00:00,2020-01
Vietnam,0.0,2020,1,25,1,2020-01-25 00:00:00+00:00,2020-01
Vietnam,0.0,2020,1,26,1,2020-01-26 00:00:00+00:00,2020-01
Vietnam,0.0,2020,1,27,1,2020-01-27 00:00:00+00:00,2020-01
Vietnam,0.0,2020,1,28,1,2020-01-28 00:00:00+00:00,2020-01
Vietnam,0.0,2020,1,29,1,2020-01-29 00:00:00+00:00,2020-01
Vietnam,0.0,2020,1,30,1,2020-01-30 00:00:00+00:00,2020-01
Vietnam,0.0,2020,1,31,1,2020-01-31 00:00:00+00:00,2020-01
Vietnam,4.0,2020,2,1,1,2020-02-01 00:00:00+00:00,2020-02
Vietnam,0.0,2020,2,2,1,2020-02-02 00:00:00+00:00,2020-02
Vietnam,2.0,2020,2,3,1,2020-02-03 00:00:00+00:00,2020-02
Vietnam,0.0,2020,2,4,1,2020-02-04 00:00:00+00:00,2020-02
Vietnam,0.0,2020,2,5,1,2020-02-05 00:00:00+00:00,2020-02
Vietnam,2.0,2020,2,6,1,2020-02-06 00:00:00+00:00,2020-02
Vietnam,0.0,2020,2,7,1,2020-02-07 00:00:00+00:00,2020-02
Vietnam,3.0,2020,2,8,1,2020-02-08 00:00:00+00:00,2020-02
Vietnam,0.0,2020,2,9,1,2020-02-09 00:00:00+00:00,2020-02
Vietnam,1.0,2020,2,10,1,2020-02-10 00:00:00+00:00,2020-02
Vietnam,1.0,2020,2,11,1,2020-02-11 00:00:00+00:00,2020-02
Vietnam,0.0,2020,2,12,1,2020-02-12 00:00:00+00:00,2020-02
Vietnam,1.0,2020,2,13,1,2020-02-13 00:00:00+00:00,2020-02
Vietnam,0.0,2020,2,14,1,2020-02-14 00:00:00+00:00,2020-02
Vietnam,0.0,2020,2,15,1,2020-02-15 00:00:00+00:00,2020-02
Vietnam,0.0,2020,2,16,1,2020-02-16 00:00:00+00:00,2020-02
Vietnam,0.0,2020,2,17,1,2020-02-17 00:00:00+00:00,2020-02
Vietnam,0.0,2020,2,18,1,2020-02-18 00:00:00+00:00,2020-02
Vietnam,0.0,2020,2,19,1,2020-02-19 00:00:00+00:00,2020-02
Vietnam,0.0,2020,2,20,1,2020-02-20 00:00:00+00:00,2020-02
Vietnam,0.0,2020,2,21,1,2020-02-21 00:00:00+00:00,2020-02
Vietnam,0.0,2020,2,22,1,2020-02-22 00:00:00+00:00,2020-02
Vietnam,0.0,2020,2,23,1,2020-02-23 00:00:00+00:00,2020-02
Vietnam,0.0,2020,2,24,1,2020-02-24 00:00:00+00:00,2020-02
Vietnam,0.0,2020,2,25,1,2020-02-25 00:00:00+00:00,2020-02
Vietnam,0.0,2020,2,26,1,2020-02-26 00:00:00+00:00,2020-02
Vietnam,0.0,2020,2,27,1,2020-02-27 00:00:00+00:00,2020-02
Vietnam,0.0,2020,2,28,1,2020-02-28 00:00:00+00:00,2020-02
Vietnam,0.0,2020,2,29,1,2020-02-29 00:00:00+00:00,2020-02
Vietnam,0.0,2020,3,1,1,2020-03-01 00:00:00+00:00,2020-03
Vietnam,0.0,2020,3,2,1,2020-03-02 00:00:00+00:00,2020-03
Vietnam,0.0,2020,3,3,1,2020-03-03 00:00:00+00:00,2020-03
Vietnam,0.0,2020,3,4,1,2020-03-04 00:00:00+00:00,2020-03
Vietnam,0.0,2020,3,5,1,2020-03-05 00:00:00+00:00,2020-03
Vietnam,0.0,2020,3,6,1,2020-03-06 00:00:00+00:00,2020-03
Vietnam,2.0,2020,3,7,1,2020-03-07 00:00:00+00:00,2020-03
Vietnam,12.0,2020,3,8,1,2020-03-08 00:00:00+00:00,2020-03
Vietnam,0.0,2020,3,9,1,2020-03-09 00:00:00+00:00,2020-03
Vietnam,1.0,2020,3,10,1,2020-03-10 00:00:00+00:00,2020-03
Vietnam,7.0,2020,3,11,1,2020-03-11 00:00:00+00:00,2020-03
Vietnam,1.0,2020,3,12,1,2020-03-12 00:00:00+00:00,2020-03
Vietnam,8.0,2020,3,13,1,2020-03-13 00:00:00+00:00,2020-03
Vietnam,6.0,2020,3,14,1,2020-03-14 00:00:00+00:00,2020-03
Vietnam,3.0,2020,3,15,1,2020-03-15 00:00:00+00:00,2020-03
Vietnam,5.0,2020,3,16,1,2020-03-16 00:00:00+00:00,2020-03
Vietnam,5.0,2020,3,17,1,2020-03-17 00:00:00+00:00,2020-03
Vietnam,9.0,2020,3,18,1,2020-03-18 00:00:00+00:00,2020-03
Vietnam,10.0,2020,3,19,1,2020-03-19 00:00:00+00:00,2020-03
Vietnam,6.0,2020,3,20,1,2020-03-20 00:00:00+00:00,2020-03
Vietnam,3.0,2020,3,21,1,2020-03-21 00:00:00+00:00,2020-03
Vietnam,19.0,2020,3,22,1,2020-03-22 00:00:00+00:00,2020-03
Vietnam,10.0,2020,3,23,1,2020-03-23 00:00:00+00:00,2020-03
Vietnam,11.0,2020,3,24,1,2020-03-24 00:00:00+00:00,2020-03
Vietnam,7.0,2020,3,25,1,2020-03-25 00:00:00+00:00,2020-03
Vietnam,12.0,2020,3,26,1,2020-03-26 00:00:00+00:00,2020-03
Vietnam,10.0,2020,3,27,1,2020-03-27 00:00:00+00:00,2020-03
Vietnam,11.0,2020,3,28,1,2020-03-28 00:00:00+00:00,2020-03
Vietnam,14.0,2020,3,29,1,2020-03-29 00:00:00+00:00,2020-03
Vietnam,15.0,2020,3,30,1,2020-03-30 00:00:00+00:00,2020-03
Vietnam,9.0,2020,3,31,1,2020-03-31 00:00:00+00:00,2020-03
Vietnam,6.0,2020,4,1,2,2020-04-01 00:00:00+00:00,2020-04
Vietnam,15.0,2020,4,2,2,2020-04-02 00:00:00+00:00,2020-04
Vietnam,4.0,2020,4,3,2,2020-04-03 00:00:00+00:00,2020-04
Vietnam,3.0,2020,4,4,2,2020-04-04 00:00:00+00:00,2020-04
Vietnam,1.0,2020,4,5,2,2020-04-05 00:00:00+00:00,2020-04
Vietnam,4.0,2020,4,6,2,2020-04-06 00:00:00+00:00,2020-04
Vietnam,4.0,2020,4,7,2,2020-04-07 00:00:00+00:00,2020-04
Vietnam,2.0,2020,4,8,2,2020-04-08 00:00:00+00:00,2020-04
Vietnam,4.0,2020,4,9,2,2020-04-09 00:00:00+00:00,2020-04
Vietnam,2.0,2020,4,10,2,2020-04-10 00:00:00+00:00,2020-04
Vietnam,1.0,2020,4,11,2,2020-04-11 00:00:00+00:00,2020-04
Vietnam,4.0,2020,4,12,2,2020-04-12 00:00:00+00:00,2020-04
Vietnam,3.0,2020,4,13,2,2020-04-13 00:00:00+00:00,2020-04
Vietnam,1.0,2020,4,14,2,2020-04-14 00:00:00+00:00,2020-04
Vietnam,1.0,2020,4,15,2,2020-04-15 00:00:00+00:00,2020-04
Vietnam,1.0,2020,4,16,2,2020-04-16 00:00:00+00:00,2020-04
Vietnam,0.0,2020,4,17,2,2020-04-17 00:00:00+00:00,2020-04
Vietnam,0.0,2020,4,18,2,2020-04-18 00:00:00+00:00,2020-04
Vietnam,0.0,2020,4,19,2,2020-04-19 00:00:00+00:00,2020-04
Vietnam,0.0,2020,4,20,2,2020-04-20 00:00:00+00:00,2020-04
Vietnam,0.0,2020,4,21,2,2020-04-21 00:00:00+00:00,2020-04
Vietnam,0.0,2020,4,22,2,2020-04-22 00:00:00+00:00,2020-04
Vietnam,0.0,2020,4,23,2,2020-04-23 00:00:00+00:00,2020-04
Vietnam,2.0,2020,4,24,2,2020-04-24 00:00:00+00:00,2020-04
Vietnam,0.0,2020,4,25,2,2020-04-25 00:00:00+00:00,2020-04
Vietnam,0.0,2020,4,26,2,2020-04-26 00:00:00+00:00,2020-04
Vietnam,0.0,2020,4,27,2,2020-04-27 00:00:00+00:00,2020-04
Vietnam,0.0,2020,4,28,2,2020-04-28 00:00:00+00:00,2020-04
Vietnam,0.0,2020,4,29,2,2020-04-29 00:00:00+00:00,2020-04
Vietnam,0.0,2020,4,30,2,2020-04-30 00:00:00+00:00,2020-04
Vietnam,0.0,2020,5,1,2,2020-05-01 00:00:00+00:00,2020-05
Vietnam,0.0,2020,5,2,2,2020-05-02 00:00:00+00:00,2020-05
Vietnam,1.0,2020,5,3,2,2020-05-03 00:00:00+00:00,2020-05
Vietnam,0.0,2020,5,4,2,2020-05-04 00:00:00+00:00,2020-05
Vietnam,0.0,2020,5,5,2,2020-05-05 00:00:00+00:00,2020-05
Vietnam,0.0,2020,5,6,2,2020-05-06 00:00:00+00:00,2020-05
Vietnam,17.0,2020,5,7,2,2020-05-07 00:00:00+00:00,2020-05
Vietnam,0.0,2020,5,8,2,2020-05-08 00:00:00+00:00,2020-05
Vietnam,0.0,2020,5,9,2,2020-05-09 00:00:00+00:00,2020-05
Vietnam,0.0,2020,5,10,2,2020-05-10 00:00:00+00:00,2020-05
Vietnam,0.0,2020,5,11,2,2020-05-11 00:00:00+00:00,2020-05
Vietnam,0.0,2020,5,12,2,2020-05-12 00:00:00+00:00,2020-05
Vietnam,0.0,2020,5,13,2,2020-05-13 00:00:00+00:00,2020-05
Vietnam,24.0,2020,5,14,2,2020-05-14 00:00:00+00:00,2020-05
Vietnam,2.0,2020,5,15,2,2020-05-15 00:00:00+00:00,2020-05
Vietnam,4.0,2020,5,16,2,2020-05-16 00:00:00+00:00,2020-05
Vietnam,2.0,2020,5,17,2,2020-05-17 00:00:00+00:00,2020-05
Vietnam,4.0,2020,5,18,2,2020-05-18 00:00:00+00:00,2020-05
Vietnam,0.0,2020,5,19,2,2020-05-19 00:00:00+00:00,2020-05
Vietnam,0.0,2020,5,20,2,2020-05-20 00:00:00+00:00,2020-05
Vietnam,0.0,2020,5,21,2,2020-05-21 00:00:00+00:00,2020-05
Vietnam,0.0,2020,5,22,2,2020-05-22 00:00:00+00:00,2020-05
Vietnam,1.0,2020,5,23,2,2020-05-23 00:00:00+00:00,2020-05
Vietnam,0.0,2020,5,24,2,2020-05-24 00:00:00+00:00,2020-05
Vietnam,1.0,2020,5,25,2,2020-05-25 00:00:00+00:00,2020-05
Vietnam,1.0,2020,5,26,2,2020-05-26 00:00:00+00:00,2020-05
Vietnam,0.0,2020,5,27,2,2020-05-27 00:00:00+00:00,2020-05
Vietnam,0.0,2020,5,28,2,2020-05-28 00:00:00+00:00,2020-05
Vietnam,1.0,2020,5,29,2,2020-05-29 00:00:00+00:00,2020-05
Vietnam,0.0,2020,5,30,2,2020-05-30 00:00:00+00:00,2020-05
Vietnam,0.0,2020,5,31,2,2020-05-31 00:00:00+00:00,2020-05
Vietnam,0.0,2020,6,1,2,2020-06-01 00:00:00+00:00,2020-06
Vietnam,0.0,2020,6,2,2,2020-06-02 00:00:00+00:00,2020-06
Vietnam,0.0,2020,6,3,2,2020-06-03 00:00:00+00:00,2020-06
Vietnam,0.0,2020,6,4,2,2020-06-04 00:00:00+00:00,2020-06
Vietnam,0.0,2020,6,5,2,2020-06-05 00:00:00+00:00,2020-06
Vietnam,1.0,2020,6,6,2,2020-06-06 00:00:00+00:00,2020-06
Vietnam,2.0,2020,6,7,2,2020-06-07 00:00:00+00:00,2020-06
Vietnam,1.0,2020,6,8,2,2020-06-08 00:00:00+00:00,2020-06
Vietnam,0.0,2020,6,9,2,2020-06-09 00:00:00+00:00,2020-06
Vietnam,0.0,2020,6,10,2,2020-06-10 00:00:00+00:00,2020-06
Vietnam,0.0,2020,6,11,2,2020-06-11 00:00:00+00:00,2020-06
Vietnam,1.0,2020,6,12,2,2020-06-12 00:00:00+00:00,2020-06
Vietnam,1.0,2020,6,13,2,2020-06-13 00:00:00+00:00,2020-06
Vietnam,0.0,2020,6,14,2,2020-06-14 00:00:00+00:00,2020-06
Vietnam,0.0,2020,6,15,2,2020-06-15 00:00:00+00:00,2020-06
Vietnam,0.0,2020,6,16,2,2020-06-16 00:00:00+00:00,2020-06
Vietnam,1.0,2020,6,17,2,2020-06-17 00:00:00+00:00,2020-06
Vietnam,7.0,2020,6,18,2,2020-06-18 00:00:00+00:00,2020-06
Vietnam,7.0,2020,6,19,2,2020-06-19 00:00:00+00:00,2020-06
Vietnam,0.0,2020,6,20,2,2020-06-20 00:00:00+00:00,2020-06
Vietnam,0.0,2020,6,21,2,2020-06-21 00:00:00+00:00,2020-06
Vietnam,0.0,2020,6,22,2,2020-06-22 00:00:00+00:00,2020-06
Vietnam,0.0,2020,6,23,2,2020-06-23 00:00:00+00:00,2020-06
Vietnam,3.0,2020,6,24,2,2020-06-24 00:00:00+00:00,2020-06
Vietnam,0.0,2020,6,25,2,2020-06-25 00:00:00+00:00,2020-06
Vietnam,1.0,2020,6,26,2,2020-06-26 00:00:00+00:00,2020-06
Vietnam,2.0,2020,6,27,2,2020-06-27 00:00:00+00:00,2020-06
Vietnam,0.0,2020,6,28,2,2020-06-28 00:00:00+00:00,2020-06
Vietnam,0.0,2020,6,29,2,2020-06-29 00:00:00+00:00,2020-06
Vietnam,0.0,2020,6,30,2,2020-06-30 00:00:00+00:00,2020-06
Vietnam,0.0,2020,7,1,3,2020-07-01 00:00:00+00:00,2020-07
Vietnam,0.0,2020,7,2,3,2020-07-02 00:00:00+00:00,2020-07
Vietnam,0.0,2020,7,3,3,2020-07-03 00:00:00+00:00,2020-07
Vietnam,0.0,2020,7,4,3,2020-07-04 00:00:00+00:00,2020-07
Vietnam,0.0,2020,7,5,3,2020-07-05 00:00:00+00:00,2020-07
Vietnam,14.0,2020,7,6,3,2020-07-06 00:00:00+00:00,2020-07
Vietnam,0.0,2020,7,7,3,2020-07-07 00:00:00+00:00,2020-07
Vietnam,0.0,2020,7,8,3,2020-07-08 00:00:00+00:00,2020-07
Vietnam,0.0,2020,7,9,3,2020-07-09 00:00:00+00:00,2020-07
Vietnam,1.0,2020,7,10,3,2020-07-10 00:00:00+00:00,2020-07
Vietnam,0.0,2020,7,11,3,2020-07-11 00:00:00+00:00,2020-07
Vietnam,2.0,2020,7,12,3,2020-07-12 00:00:00+00:00,2020-07
Vietnam,1.0,2020,7,13,3,2020-07-13 00:00:00+00:00,2020-07
Vietnam,0.0,2020,7,14,3,2020-07-14 00:00:00+00:00,2020-07
Vietnam,8.0,2020,7,15,3,2020-07-15 00:00:00+00:00,2020-07
Vietnam,0.0,2020,7,16,3,2020-07-16 00:00:00+00:00,2020-07
Vietnam,1.0,2020,7,17,3,2020-07-17 00:00:00+00:00,2020-07
Vietnam,0.0,2020,7,18,3,2020-07-18 00:00:00+00:00,2020-07
Vietnam,1.0,2020,7,19,3,2020-07-19 00:00:00+00:00,2020-07
Vietnam,1.0,2020,7,20,3,2020-07-20 00:00:00+00:00,2020-07
Vietnam,17.0,2020,7,21,3,2020-07-21 00:00:00+00:00,2020-07
Vietnam,7.0,2020,7,22,3,2020-07-22 00:00:00+00:00,2020-07
Vietnam,4.0,2020,7,23,3,2020-07-23 00:00:00+00:00,2020-07
Vietnam,3.0,2020,7,24,3,2020-07-24 00:00:00+00:00,2020-07
Vietnam,2.0,2020,7,25,3,2020-07-25 00:00:00+00:00,2020-07
Vietnam,3.0,2020,7,26,3,2020-07-26 00:00:00+00:00,2020-07
Vietnam,11.0,2020,7,27,3,2020-07-27 00:00:00+00:00,2020-07
Vietnam,15.0,2020,7,28,3,2020-07-28 00:00:00+00:00,2020-07
Vietnam,13.0,2020,7,29,3,2020-07-29 00:00:00+00:00,2020-07
Vietnam,50.0,2020,7,30,3,2020-07-30 00:00:00+00:00,2020-07
Vietnam,49.0,2020,7,31,3,2020-07-31 00:00:00+00:00,2020-07
Vietnam,32.0,2020,8,1,3,2020-08-01 00:00:00+00:00,2020-08
Vietnam,31.0,2020,8,2,3,2020-08-02 00:00:00+00:00,2020-08
Vietnam,31.0,2020,8,3,3,2020-08-03 00:00:00+00:00,2020-08
Vietnam,20.0,2020,8,4,3,2020-08-04 00:00:00+00:00,2020-08
Vietnam,45.0,2020,8,5,3,2020-08-05 00:00:00+00:00,2020-08
Vietnam,33.0,2020,8,6,3,2020-08-06 00:00:00+00:00,2020-08
Vietnam,39.0,2020,8,7,3,2020-08-07 00:00:00+00:00,2020-08
Vietnam,23.0,2020,8,8,3,2020-08-08 00:00:00+00:00,2020-08
Vietnam,29.0,2020,8,9,3,2020-08-09 00:00:00+00:00,2020-08
Vietnam,6.0,2020,8,10,3,2020-08-10 00:00:00+00:00,2020-08
Vietnam,19.0,2020,8,11,3,2020-08-11 00:00:00+00:00,2020-08
Vietnam,17.0,2020,8,12,3,2020-08-12 00:00:00+00:00,2020-08
Vietnam,28.0,2020,8,13,3,2020-08-13 00:00:00+00:00,2020-08
Vietnam,19.0,2020,8,14,3,2020-08-14 00:00:00+00:00,2020-08
Vietnam,21.0,2020,8,15,3,2020-08-15 00:00:00+00:00,2020-08
Vietnam,13.0,2020,8,16,3,2020-08-16 00:00:00+00:00,2020-08
Vietnam,19.0,2020,8,17,3,2020-08-17 00:00:00+00:00,2020-08
Vietnam,6.0,2020,8,18,3,2020-08-18 00:00:00+00:00,2020-08
Vietnam,5.0,2020,8,19,3,2020-08-19 00:00:00+00:00,2020-08
Vietnam,13.0,2020,8,20,3,2020-08-20 00:00:00+00:00,2020-08
Vietnam,2.0,2020,8,21,3,2020-08-21 00:00:00+00:00,2020-08
Vietnam,5.0,2020,8,22,3,2020-08-22 00:00:00+00:00,2020-08
Vietnam,2.0,2020,8,23,3,2020-08-23 00:00:00+00:00,2020-08
Vietnam,6.0,2020,8,24,3,2020-08-24 00:00:00+00:00,2020-08
Vietnam,7.0,2020,8,25,3,2020-08-25 00:00:00+00:00,2020-08
Vietnam,5.0,2020,8,26,3,2020-08-26 00:00:00+00:00,2020-08
Vietnam,2.0,2020,8,27,3,2020-08-27 00:00:00+00:00,2020-08
Vietnam,2.0,2020,8,28,3,2020-08-28 00:00:00+00:00,2020-08
Vietnam,2.0,2020,8,29,3,2020-08-29 00:00:00+00:00,2020-08
Vietnam,0.0,2020,8,30,3,2020-08-30 00:00:00+00:00,2020-08
Vietnam,4.0,2020,8,31,3,2020-08-31 00:00:00+00:00,2020-08
Vietnam,0.0,2020,9,1,3,2020-09-01 00:00:00+00:00,2020-09
Vietnam,2.0,2020,9,2,3,2020-09-02 00:00:00+00:00,2020-09
Vietnam,0.0,2020,9,3,3,2020-09-03 00:00:00+00:00,2020-09
Vietnam,3.0,2020,9,4,3,2020-09-04 00:00:00+00:00,2020-09
Vietnam,0.0,2020,9,5,3,2020-09-05 00:00:00+00:00,2020-09
Vietnam,0.0,2020,9,6,3,2020-09-06 00:00:00+00:00,2020-09
Vietnam,0.0,2020,9,7,3,2020-09-07 00:00:00+00:00,2020-09
Vietnam,5.0,2020,9,8,3,2020-09-08 00:00:00+00:00,2020-09
Vietnam,5.0,2020,9,9,3,2020-09-09 00:00:00+00:00,2020-09
Vietnam,0.0,2020,9,10,3,2020-09-10 00:00:00+00:00,2020-09
Vietnam,1.0,2020,9,11,3,2020-09-11 00:00:00+00:00,2020-09
Vietnam,0.0,2020,9,12,3,2020-09-12 00:00:00+00:00,2020-09
Vietnam,3.0,2020,9,13,3,2020-09-13 00:00:00+00:00,2020-09
Vietnam,0.0,2020,9,14,3,2020-09-14 00:00:00+00:00,2020-09
Vietnam,0.0,2020,9,15,3,2020-09-15 00:00:00+00:00,2020-09
Vietnam,0.0,2020,9,16,3,2020-09-16 00:00:00+00:00,2020-09
Vietnam,3.0,2020,9,17,3,2020-09-17 00:00:00+00:00,2020-09
Vietnam,2.0,2020,9,18,3,2020-09-18 00:00:00+00:00,2020-09
Vietnam,0.0,2020,9,19,3,2020-09-19 00:00:00+00:00,2020-09
Vietnam,0.0,2020,9,20,3,2020-09-20 00:00:00+00:00,2020-09
Vietnam,0.0,2020,9,21,3,2020-09-21 00:00:00+00:00,2020-09
Vietnam,0.0,2020,9,22,3,2020-09-22 00:00:00+00:00,2020-09
Vietnam,1.0,2020,9,23,3,2020-09-23 00:00:00+00:00,2020-09
Vietnam,0.0,2020,9,24,3,2020-09-24 00:00:00+00:00,2020-09
Vietnam,0.0,2020,9,25,3,2020-09-25 00:00:00+00:00,2020-09
Vietnam,0.0,2020,9,26,3,2020-09-26 00:00:00+00:00,2020-09
Vietnam,5.0,2020,9,27,3,2020-09-27 00:00:00+00:00,2020-09
Vietnam,3.0,2020,9,28,3,2020-09-28 00:00:00+00:00,2020-09
Vietnam,17.0,2020,9,29,3,2020-09-29 00:00:00+00:00,2020-09
Vietnam,0.0,2020,9,30,3,2020-09-30 00:00:00+00:00,2020-09
Vietnam,1.0,2020,10,1,4,2020-10-01 00:00:00+00:00,2020-10
Vietnam,1.0,2020,10,2,4,2020-10-02 00:00:00+00:00,2020-10
Vietnam,0.0,2020,10,3,4,2020-10-03 00:00:00+00:00,2020-10
Vietnam,0.0,2020,10,4,4,2020-10-04 00:00:00+00:00,2020-10
Vietnam,1.0,2020,10,5,4,2020-10-05 00:00:00+00:00,2020-10
Vietnam,1.0,2020,10,6,4,2020-10-06 00:00:00+00:00,2020-10
Vietnam,1.0,2020,10,7,4,2020-10-07 00:00:00+00:00,2020-10
Vietnam,1.0,2020,10,8,4,2020-10-08 00:00:00+00:00,2020-10
Vietnam,5.0,2020,10,9,4,2020-10-09 00:00:00+00:00,2020-10
Vietnam,2.0,2020,10,10,4,2020-10-10 00:00:00+00:00,2020-10
Vietnam,2.0,2020,10,11,4,2020-10-11 00:00:00+00:00,2020-10
Vietnam,1.0,2020,10,12,4,2020-10-12 00:00:00+00:00,2020-10
Vietnam,3.0,2020,10,13,4,2020-10-13 00:00:00+00:00,2020-10
Vietnam,9.0,2020,10,14,4,2020-10-14 00:00:00+00:00,2020-10
Vietnam,2.0,2020,10,15,4,2020-10-15 00:00:00+00:00,2020-10
Vietnam,0.0,2020,10,16,4,2020-10-16 00:00:00+00:00,2020-10
Vietnam,2.0,2020,10,17,4,2020-10-17 00:00:00+00:00,2020-10
Vietnam,8.0,2020,10,18,4,2020-10-18 00:00:00+00:00,2020-10
Vietnam,6.0,2020,10,19,4,2020-10-19 00:00:00+00:00,2020-10
Vietnam,1.0,2020,10,20,4,2020-10-20 00:00:00+00:00,2020-10
Vietnam,3.0,2020,10,21,4,2020-10-21 00:00:00+00:00,2020-10
Vietnam,4.0,2020,10,22,4,2020-10-22 00:00:00+00:00,2020-10
Vietnam,0.0,2020,10,23,4,2020-10-23 00:00:00+00:00,2020-10
Vietnam,12.0,2020,10,24,4,2020-10-24 00:00:00+00:00,2020-10
Vietnam,8.0,2020,10,25,4,2020-10-25 00:00:00+00:00,2020-10
Vietnam,1.0,2020,10,26,4,2020-10-26 00:00:00+00:00,2020-10
Vietnam,3.0,2020,10,27,4,2020-10-27 00:00:00+00:00,2020-10
Vietnam,1.0,2020,10,28,4,2020-10-28 00:00:00+00:00,2020-10
Vietnam,4.0,2020,10,29,4,2020-10-29 00:00:00+00:00,2020-10
Vietnam,0.0,2020,10,30,4,2020-10-30 00:00:00+00:00,2020-10
Vietnam,3.0,2020,10,31,4,2020-10-31 00:00:00+00:00,2020-10
Vietnam,0.0,2020,11,1,4,2020-11-01 00:00:00+00:00,2020-11
Vietnam,12.0,2020,11,2,4,2020-11-02 00:00:00+00:00,2020-11
Vietnam,10.0,2020,11,3,4,2020-11-03 00:00:00+00:00,2020-11
Vietnam,1.0,2020,11,4,4,2020-11-04 00:00:00+00:00,2020-11
Vietnam,4.0,2020,11,5,4,2020-11-05 00:00:00+00:00,2020-11
Vietnam,5.0,2020,11,6,4,2020-11-06 00:00:00+00:00,2020-11
Vietnam,1.0,2020,11,7,4,2020-11-07 00:00:00+00:00,2020-11
Vietnam,0.0,2020,11,8,4,2020-11-08 00:00:00+00:00,2020-11
Vietnam,2.0,2020,11,9,4,2020-11-09 00:00:00+00:00,2020-11
Vietnam,11.0,2020,11,10,4,2020-11-10 00:00:00+00:00,2020-11
Vietnam,26.0,2020,11,11,4,2020-11-11 00:00:00+00:00,2020-11
Vietnam,1.0,2020,11,12,4,2020-11-12 00:00:00+00:00,2020-11
Vietnam,3.0,2020,11,13,4,2020-11-13 00:00:00+00:00,2020-11
Vietnam,9.0,2020,11,14,4,2020-11-14 00:00:00+00:00,2020-11
Vietnam,16.0,2020,11,15,4,2020-11-15 00:00:00+00:00,2020-11
Vietnam,2.0,2020,11,16,4,2020-11-16 00:00:00+00:00,2020-11
Vietnam,5.0,2020,11,17,4,2020-11-17 00:00:00+00:00,2020-11
Vietnam,12.0,2020,11,18,4,2020-11-18 00:00:00+00:00,2020-11
Vietnam,4.0,2020,11,19,4,2020-11-19 00:00:00+00:00,2020-11
Vietnam,1.0,2020,11,20,4,2020-11-20 00:00:00+00:00,2020-11
Vietnam,1.0,2020,11,21,4,2020-11-21 00:00:00+00:00,2020-11
Vietnam,1.0,2020,11,22,4,2020-11-22 00:00:00+00:00,2020-11
Vietnam,5.0,2020,11,23,4,2020-11-23 00:00:00+00:00,2020-11
Vietnam,4.0,2020,11,24,4,2020-11-24 00:00:00+00:00,2020-11
Vietnam,5.0,2020,11,25,4,2020-11-25 00:00:00+00:00,2020-11
Vietnam,10.0,2020,11,26,4,2020-11-26 00:00:00+00:00,2020-11
Vietnam,8.0,2020,11,27,4,2020-11-27 00:00:00+00:00,2020-11
Vietnam,2.0,2020,11,28,4,2020-11-28 00:00:00+00:00,2020-11
Vietnam,2.0,2020,11,29,4,2020-11-29 00:00:00+00:00,2020-11
Vietnam,4.0,2020,11,30,4,2020-11-30 00:00:00+00:00,2020-11
Vietnam,4.0,2020,12,1,4,2020-12-01 00:00:00+00:00,2020-12
Vietnam,7.0,2020,12,2,4,2020-12-02 00:00:00+00:00,2020-12
Vietnam,3.0,2020,12,3,4,2020-12-03 00:00:00+00:00,2020-12
Vietnam,0.0,2020,12,4,4,2020-12-04 00:00:00+00:00,2020-12
Vietnam,4.0,2020,12,5,4,2020-12-05 00:00:00+00:00,2020-12
Vietnam,1.0,2020,12,6,4,2020-12-06 00:00:00+00:00,2020-12
Vietnam,1.0,2020,12,7,4,2020-12-07 00:00:00+00:00,2020-12
Vietnam,10.0,2020,12,8,4,2020-12-08 00:00:00+00:00,2020-12
Vietnam,4.0,2020,12,9,4,2020-12-09 00:00:00+00:00,2020-12
Vietnam,4.0,2020,12,10,4,2020-12-10 00:00:00+00:00,2020-12
Vietnam,6.0,2020,12,11,4,2020-12-11 00:00:00+00:00,2020-12
Vietnam,4.0,2020,12,12,4,2020-12-12 00:00:00+00:00,2020-12
Vietnam,2.0,2020,12,13,4,2020-12-13 00:00:00+00:00,2020-12
Vietnam,5.0,2020,12,14,4,2020-12-14 00:00:00+00:00,2020-12
Vietnam,3.0,2020,12,15,4,2020-12-15 00:00:00+00:00,2020-12
Vietnam,0.0,2020,12,16,4,2020-12-16 00:00:00+00:00,2020-12
Vietnam,2.0,2020,12,17,4,2020-12-17 00:00:00+00:00,2020-12
Vietnam,3.0,2020,12,18,4,2020-12-18 00:00:00+00:00,2020-12
Vietnam,1.0,2020,12,19,4,2020-12-19 00:00:00+00:00,2020-12
Vietnam,2.0,2020,12,20,4,2020-12-20 00:00:00+00:00,2020-12
Vietnam,1.0,2020,12,21,4,2020-12-21 00:00:00+00:00,2020-12
Vietnam,6.0,2020,12,22,4,2020-12-22 00:00:00+00:00,2020-12
Vietnam,1.0,2020,12,23,4,2020-12-23 00:00:00+00:00,2020-12
Vietnam,11.0,2020,12,24,4,2020-12-24 00:00:00+00:00,2020-12
Vietnam,7.0,2020,12,25,4,2020-12-25 00:00:00+00:00,2020-12
Vietnam,1.0,2020,12,26,4,2020-12-26 00:00:00+00:00,2020-12
Vietnam,1.0,2020,12,27,4,2020-12-27 00:00:00+00:00,2020-12
Vietnam,10.0,2020,12,28,4,2020-12-28 00:00:00+00:00,2020-12
Vietnam,3.0,2020,12,29,4,2020-12-29 00:00:00+00:00,2020-12
Vietnam,2.0,2020,12,30,4,2020-12-30 00:00:00+00:00,2020-12
Vietnam,9.0,2020,12,31,4,2020-12-31 00:00:00+00:00,2020-12
Vietnam,9.0,2021,1,1,1,2021-01-01 00:00:00+00:00,2021-01
Vietnam,8.0,2021,1,2,1,2021-01-02 00:00:00+00:00,2021-01
Vietnam,12.0,2021,1,3,1,2021-01-03 00:00:00+00:00,2021-01
Vietnam,3.0,2021,1,4,1,2021-01-04 00:00:00+00:00,2021-01
Vietnam,7.0,2021,1,5,1,2021-01-05 00:00:00+00:00,2021-01
Vietnam,1.0,2021,1,6,1,2021-01-06 00:00:00+00:00,2021-01
Vietnam,4.0,2021,1,7,1,2021-01-07 00:00:00+00:00,2021-01
Vietnam,3.0,2021,1,8,1,2021-01-08 00:00:00+00:00,2021-01
Vietnam,1.0,2021,1,9,1,2021-01-09 00:00:00+00:00,2021-01
Vietnam,1.0,2021,1,10,1,2021-01-10 00:00:00+00:00,2021-01
Vietnam,1.0,2021,1,11,1,2021-01-11 00:00:00+00:00,2021-01
Vietnam,5.0,2021,1,12,1,2021-01-12 00:00:00+00:00,2021-01
Vietnam,1.0,2021,1,13,1,2021-01-13 00:00:00+00:00,2021-01
Vietnam,10.0,2021,1,14,1,2021-01-14 00:00:00+00:00,2021-01
Vietnam,5.0,2021,1,15,1,2021-01-15 00:00:00+00:00,2021-01
Vietnam,1.0,2021,1,16,1,2021-01-16 00:00:00+00:00,2021-01
Vietnam,0.0,2021,1,17,1,2021-01-17 00:00:00+00:00,2021-01
Vietnam,2.0,2021,1,18,1,2021-01-18 00:00:00+00:00,2021-01
Vietnam,1.0,2021,1,19,1,2021-01-19 00:00:00+00:00,2021-01
Vietnam,4.0,2021,1,20,1,2021-01-20 00:00:00+00:00,2021-01
Vietnam,2.0,2021,1,21,1,2021-01-21 00:00:00+00:00,2021-01
Vietnam,2.0,2021,1,22,1,2021-01-22 00:00:00+00:00,2021-01
Vietnam,0.0,2021,1,23,1,2021-01-23 00:00:00+00:00,2021-01
Vietnam,0.0,2021,1,24,1,2021-01-24 00:00:00+00:00,2021-01
Vietnam,1.0,2021,1,25,1,2021-01-25 00:00:00+00:00,2021-01
Vietnam,2.0,2021,1,26,1,2021-01-26 00:00:00+00:00,2021-01
Vietnam,2.0,2021,1,27,1,2021-01-27 00:00:00+00:00,2021-01
Vietnam,98.0,2021,1,28,1,2021-01-28 00:00:00+00:00,2021-01
Vietnam,6.0,2021,1,29,1,2021-01-29 00:00:00+00:00,2021-01
Vietnam,110.0,2021,1,30,1,2021-01-30 00:00:00+00:00,2021-01
Vietnam,50.0,2021,1,31,1,2021-01-31 00:00:00+00:00,2021-01
Vietnam,33.0,2021,2,1,1,2021-02-01 00:00:00+00:00,2021-02
Vietnam,32.0,2021,2,2,1,2021-02-02 00:00:00+00:00,2021-02
Vietnam,66.0,2021,2,3,1,2021-02-03 00:00:00+00:00,2021-02
Vietnam,9.0,2021,2,4,1,2021-02-04 00:00:00+00:00,2021-02
Vietnam,19.0,2021,2,5,1,2021-02-05 00:00:00+00:00,2021-02
Vietnam,9.0,2021,2,6,1,2021-02-06 00:00:00+00:00,2021-02
Vietnam,16.0,2021,2,7,1,2021-02-07 00:00:00+00:00,2021-02
Vietnam,49.0,2021,2,8,1,2021-02-08 00:00:00+00:00,2021-02
Vietnam,14.0,2021,2,9,1,2021-02-09 00:00:00+00:00,2021-02
Vietnam,27.0,2021,2,10,1,2021-02-10 00:00:00+00:00,2021-02
Vietnam,49.0,2021,2,11,1,2021-02-11 00:00:00+00:00,2021-02
Vietnam,2.0,2021,2,12,1,2021-02-12 00:00:00+00:00,2021-02
Vietnam,53.0,2021,2,13,1,2021-02-13 00:00:00+00:00,2021-02
Vietnam,33.0,2021,2,14,1,2021-02-14 00:00:00+00:00,2021-02
Vietnam,41.0,2021,2,15,1,2021-02-15 00:00:00+00:00,2021-02
Vietnam,42.0,2021,2,16,1,2021-02-16 00:00:00+00:00,2021-02
Vietnam,18.0,2021,2,17,1,2021-02-17 00:00:00+00:00,2021-02
Vietnam,18.0,2021,2,18,1,2021-02-18 00:00:00+00:00,2021-02
Vietnam,15.0,2021,2,19,1,2021-02-19 00:00:00+00:00,2021-02
Vietnam,6.0,2021,2,20,1,2021-02-20 00:00:00+00:00,2021-02
Vietnam,15.0,2021,2,21,1,2021-02-21 00:00:00+00:00,2021-02
Vietnam,9.0,2021,2,22,1,2021-02-22 00:00:00+00:00,2021-02
Vietnam,11.0,2021,2,23,1,2021-02-23 00:00:00+00:00,2021-02
Vietnam,9.0,2021,2,24,1,2021-02-24 00:00:00+00:00,2021-02
Vietnam,9.0,2021,2,25,1,2021-02-25 00:00:00+00:00,2021-02
Vietnam,5.0,2021,2,26,1,2021-02-26 00:00:00+00:00,2021-02
Vietnam,6.0,2021,2,27,1,2021-02-27 00:00:00+00:00,2021-02
Vietnam,16.0,2021,2,28,1,2021-02-28 00:00:00+00:00,2021-02
Vietnam,0.0,2021,3,1,1,2021-03-01 00:00:00+00:00,2021-03
Vietnam,27.0,2021,3,2,1,2021-03-02 00:00:00+00:00,2021-03
Vietnam,7.0,2021,3,3,1,2021-03-03 00:00:00+00:00,2021-03
Vietnam,6.0,2021,3,4,1,2021-03-04 00:00:00+00:00,2021-03
Vietnam,6.0,2021,3,5,1,2021-03-05 00:00:00+00:00,2021-03
Vietnam,7.0,2021,3,6,1,2021-03-06 00:00:00+00:00,2021-03
Vietnam,11.0,2021,3,7,1,2021-03-07 00:00:00+00:00,2021-03
Vietnam,12.0,2021,3,8,1,2021-03-08 00:00:00+00:00,2021-03
Vietnam,2.0,2021,3,9,1,2021-03-09 00:00:00+00:00,2021-03
Vietnam,3.0,2021,3,10,1,2021-03-10 00:00:00+00:00,2021-03
Vietnam,4.0,2021,3,11,1,2021-03-11 00:00:00+00:00,2021-03
Vietnam,17.0,2021,3,12,1,2021-03-12 00:00:00+00:00,2021-03
Vietnam,3.0,2021,3,13,1,2021-03-13 00:00:00+00:00,2021-03
Vietnam,1.0,2021,3,14,1,2021-03-14 00:00:00+00:00,2021-03
Vietnam,3.0,2021,3,15,1,2021-03-15 00:00:00+00:00,2021-03
Vietnam,3.0,2021,3,16,1,2021-03-16 00:00:00+00:00,2021-03
Vietnam,7.0,2021,3,17,1,2021-03-17 00:00:00+00:00,2021-03
Vietnam,3.0,2021,3,18,1,2021-03-18 00:00:00+00:00,2021-03
Vietnam,1.0,2021,3,19,1,2021-03-19 00:00:00+00:00,2021-03
Vietnam,1.0,2021,3,20,1,2021-03-20 00:00:00+00:00,2021-03
Vietnam,0.0,2021,3,21,1,2021-03-21 00:00:00+00:00,2021-03
Vietnam,3.0,2021,3,22,1,2021-03-22 00:00:00+00:00,2021-03
Vietnam,0.0,2021,3,23,1,2021-03-23 00:00:00+00:00,2021-03
Vietnam,1.0,2021,3,24,1,2021-03-24 00:00:00+00:00,2021-03
Vietnam,3.0,2021,3,25,1,2021-03-25 00:00:00+00:00,2021-03
Vietnam,7.0,2021,3,26,1,2021-03-26 00:00:00+00:00,2021-03
Vietnam,0.0,2021,3,27,1,2021-03-27 00:00:00+00:00,2021-03
Vietnam,5.0,2021,3,28,1,2021-03-28 00:00:00+00:00,2021-03
Vietnam,3.0,2021,3,29,1,2021-03-29 00:00:00+00:00,2021-03
Vietnam,0.0,2021,3,30,1,2021-03-30 00:00:00+00:00,2021-03
Vietnam,9.0,2021,3,31,1,2021-03-31 00:00:00+00:00,2021-03
Vietnam,14.0,2021,4,1,2,2021-04-01 00:00:00+00:00,2021-04
Vietnam,3.0,2021,4,2,2,2021-04-02 00:00:00+00:00,2021-04
Vietnam,6.0,2021,4,3,2,2021-04-03 00:00:00+00:00,2021-04
Vietnam,5.0,2021,4,4,2,2021-04-04 00:00:00+00:00,2021-04
Vietnam,6.0,2021,4,5,2,2021-04-05 00:00:00+00:00,2021-04
Vietnam,11.0,2021,4,6,2,2021-04-06 00:00:00+00:00,2021-04
Vietnam,11.0,2021,4,7,2,2021-04-07 00:00:00+00:00,2021-04
Vietnam,9.0,2021,4,8,2,2021-04-08 00:00:00+00:00,2021-04
Vietnam,15.0,2021,4,9,2,2021-04-09 00:00:00+00:00,2021-04
Vietnam,9.0,2021,4,10,2,2021-04-10 00:00:00+00:00,2021-04
Vietnam,1.0,2021,4,11,2,2021-04-11 00:00:00+00:00,2021-04
Vietnam,12.0,2021,4,12,2,2021-04-12 00:00:00+00:00,2021-04
Vietnam,9.0,2021,4,13,2,2021-04-13 00:00:00+00:00,2021-04
Vietnam,19.0,2021,4,14,2,2021-04-14 00:00:00+00:00,2021-04
Vietnam,25.0,2021,4,15,2,2021-04-15 00:00:00+00:00,2021-04
Vietnam,14.0,2021,4,16,2,2021-04-16 00:00:00+00:00,2021-04
Vietnam,9.0,2021,4,17,2,2021-04-17 00:00:00+00:00,2021-04
Vietnam,4.0,2021,4,18,2,2021-04-18 00:00:00+00:00,2021-04
Vietnam,6.0,2021,4,19,2,2021-04-19 00:00:00+00:00,2021-04
Vietnam,9.0,2021,4,20,2,2021-04-20 00:00:00+00:00,2021-04
Vietnam,12.0,2021,4,21,2,2021-04-21 00:00:00+00:00,2021-04
Vietnam,12.0,2021,4,22,2,2021-04-22 00:00:00+00:00,2021-04
Vietnam,6.0,2021,4,23,2,2021-04-23 00:00:00+00:00,2021-04
Vietnam,3.0,2021,4,24,2,2021-04-24 00:00:00+00:00,2021-04
Vietnam,10.0,2021,4,25,2,2021-04-25 00:00:00+00:00,2021-04
Vietnam,9.0,2021,4,26,2,2021-04-26 00:00:00+00:00,2021-04
Vietnam,5.0,2021,4,27,2,2021-04-27 00:00:00+00:00,2021-04
Vietnam,8.0,2021,4,28,2,2021-04-28 00:00:00+00:00,2021-04
Vietnam,45.0,2021,4,29,2,2021-04-29 00:00:00+00:00,2021-04
Vietnam,18.0,2021,4,30,2,2021-04-30 00:00:00+00:00,2021-04
Vietnam,14.0,2021,5,1,2,2021-05-01 00:00:00+00:00,2021-05
Vietnam,20.0,2021,5,2,2,2021-05-02 00:00:00+00:00,2021-05
Vietnam,23.0,2021,5,3,2,2021-05-03 00:00:00+00:00,2021-05
Vietnam,10.0,2021,5,4,2,2021-05-04 00:00:00+00:00,2021-05
Vietnam,35.0,2021,5,5,2,2021-05-05 00:00:00+00:00,2021-05
Vietnam,60.0,2021,5,6,2,2021-05-06 00:00:00+00:00,2021-05
Vietnam,47.0,2021,5,7,2,2021-05-07 00:00:00+00:00,2021-05
Vietnam,108.0,2021,5,8,2,2021-05-08 00:00:00+00:00,2021-05
Vietnam,167.0,2021,5,9,2,2021-05-09 00:00:00+00:00,2021-05
Vietnam,77.0,2021,5,10,2,2021-05-10 00:00:00+00:00,2021-05
Vietnam,82.0,2021,5,11,2,2021-05-11 00:00:00+00:00,2021-05
Vietnam,87.0,2021,5,12,2,2021-05-12 00:00:00+00:00,2021-05
Vietnam,82.0,2021,5,13,2,2021-05-13 00:00:00+00:00,2021-05
Vietnam,76.0,2021,5,14,2,2021-05-14 00:00:00+00:00,2021-05
Vietnam,296.0,2021,5,15,2,2021-05-15 00:00:00+00:00,2021-05
Vietnam,100.0,2021,5,16,2,2021-05-16 00:00:00+00:00,2021-05
Vietnam,147.0,2021,5,17,2,2021-05-17 00:00:00+00:00,2021-05
Vietnam,153.0,2021,5,18,2,2021-05-18 00:00:00+00:00,2021-05
Vietnam,208.0,2021,5,19,2,2021-05-19 00:00:00+00:00,2021-05
Vietnam,89.0,2021,5,20,2,2021-05-20 00:00:00+00:00,2021-05
Vietnam,132.0,2021,5,21,2,2021-05-21 00:00:00+00:00,2021-05
Vietnam,178.0,2021,5,22,2,2021-05-22 00:00:00+00:00,2021-05
Vietnam,156.0,2021,5,23,2,2021-05-23 00:00:00+00:00,2021-05
Vietnam,129.0,2021,5,24,2,2021-05-24 00:00:00+00:00,2021-05
Vietnam,527.0,2021,5,25,2,2021-05-25 00:00:00+00:00,2021-05
Vietnam,155.0,2021,5,26,2,2021-05-26 00:00:00+00:00,2021-05
Vietnam,270.0,2021,5,27,2,2021-05-27 00:00:00+00:00,2021-05
Vietnam,40.0,2021,5,28,2,2021-05-28 00:00:00+00:00,2021-05
Vietnam,512.0,2021,5,29,2,2021-05-29 00:00:00+00:00,2021-05
Vietnam,199.0,2021,5,30,2,2021-05-30 00:00:00+00:00,2021-05
Vietnam,325.0,2021,5,31,2,2021-05-31 00:00:00+00:00,2021-05
Vietnam,193.0,2021,6,1,2,2021-06-01 00:00:00+00:00,2021-06
Vietnam,245.0,2021,6,2,2,2021-06-02 00:00:00+00:00,2021-06
Vietnam,193.0,2021,6,3,2,2021-06-03 00:00:00+00:00,2021-06
Vietnam,301.0,2021,6,4,2,2021-06-04 00:00:00+00:00,2021-06
Vietnam,216.0,2021,6,5,2,2021-06-05 00:00:00+00:00,2021-06
Vietnam,211.0,2021,6,6,2,2021-06-06 00:00:00+00:00,2021-06
Vietnam,236.0,2021,6,7,2,2021-06-07 00:00:00+00:00,2021-06
Vietnam,195.0,2021,6,8,2,2021-06-08 00:00:00+00:00,2021-06
Vietnam,413.0,2021,6,9,2,2021-06-09 00:00:00+00:00,2021-06
Vietnam,200.0,2021,6,10,2,2021-06-10 00:00:00+00:00,2021-06
Vietnam,213.0,2021,6,11,2,2021-06-11 00:00:00+00:00,2021-06
Vietnam,289.0,2021,6,12,2,2021-06-12 00:00:00+00:00,2021-06
Vietnam,293.0,2021,6,13,2,2021-06-13 00:00:00+00:00,2021-06
Vietnam,251.0,2021,6,14,2,2021-06-14 00:00:00+00:00,2021-06
Vietnam,423.0,2021,6,15,2,2021-06-15 00:00:00+00:00,2021-06
Vietnam,490.0,2021,6,16,2,2021-06-16 00:00:00+00:00,2021-06
Vietnam,356.0,2021,6,17,2,2021-06-17 00:00:00+00:00,2021-06
Vietnam,358.0,2021,6,18,2,2021-06-18 00:00:00+00:00,2021-06
Vietnam,470.0,2021,6,19,2,2021-06-19 00:00:00+00:00,2021-06
Vietnam,280.0,2021,6,20,2,2021-06-20 00:00:00+00:00,2021-06
Vietnam,272.0,2021,6,21,2,2021-06-21 00:00:00+00:00,2021-06
Vietnam,252.0,2021,6,22,2,2021-06-22 00:00:00+00:00,2021-06
Vietnam,207.0,2021,6,23,2,2021-06-23 00:00:00+00:00,2021-06
Vietnam,334.0,2021,6,24,2,2021-06-24 00:00:00+00:00,2021-06
Vietnam,214.0,2021,6,25,2,2021-06-25 00:00:00+00:00,2021-06
Vietnam,788.0,2021,6,26,2,2021-06-26 00:00:00+00:00,2021-06
Vietnam,415.0,2021,6,27,2,2021-06-27 00:00:00+00:00,2021-06
Vietnam,396.0,2021,6,28,2,2021-06-28 00:00:00+00:00,2021-06
Vietnam,371.0,2021,6,29,2,2021-06-29 00:00:00+00:00,2021-06
Vietnam,545.0,2021,6,30,2,2021-06-30 00:00:00+00:00,2021-06
Vietnam,675.0,2021,7,1,3,2021-07-01 00:00:00+00:00,2021-07
Vietnam,394.0,2021,7,2,3,2021-07-02 00:00:00+00:00,2021-07
Vietnam,1189.0,2021,7,3,3,2021-07-03 00:00:00+00:00,2021-07
Vietnam,951.0,2021,7,4,3,2021-07-04 00:00:00+00:00,2021-07
Vietnam,1051.0,2021,7,5,3,2021-07-05 00:00:00+00:00,2021-07
Vietnam,1029.0,2021,7,6,3,2021-07-06 00:00:00+00:00,2021-07
Vietnam,1044.0,2021,7,7,3,2021-07-07 00:00:00+00:00,2021-07
Vietnam,1425.0,2021,7,8,3,2021-07-08 00:00:00+00:00,2021-07
Vietnam,1798.0,2021,7,9,3,2021-07-09 00:00:00+00:00,2021-07
Vietnam,1862.0,2021,7,10,3,2021-07-10 00:00:00+00:00,2021-07
Vietnam,2008.0,2021,7,11,3,2021-07-11 00:00:00+00:00,2021-07
Vietnam,2187.0,2021,7,12,3,2021-07-12 00:00:00+00:00,2021-07
Vietnam,2744.0,2021,7,13,3,2021-07-13 00:00:00+00:00,2021-07
Vietnam,2830.0,2021,7,14,3,2021-07-14 00:00:00+00:00,2021-07
Vietnam,4049.0,2021,7,15,3,2021-07-15 00:00:00+00:00,2021-07
Vietnam,4004.0,2021,7,16,3,2021-07-16 00:00:00+00:00,2021-07
Vietnam,4710.0,2021,7,17,3,2021-07-17 00:00:00+00:00,2021-07
Vietnam,4843.0,2021,7,18,3,2021-07-18 00:00:00+00:00,2021-07
Vietnam,4335.0,2021,7,19,3,2021-07-19 00:00:00+00:00,2021-07
Vietnam,5427.0,2021,7,20,3,2021-07-20 00:00:00+00:00,2021-07
Vietnam,5537.0,2021,7,21,3,2021-07-21 00:00:00+00:00,2021-07
Vietnam,7125.0,2021,7,22,3,2021-07-22 00:00:00+00:00,2021-07
Vietnam,8688.0,2021,7,23,3,2021-07-23 00:00:00+00:00,2021-07
Vietnam,7956.0,2021,7,24,3,2021-07-24 00:00:00+00:00,2021-07
Vietnam,6260.0,2021,7,25,3,2021-07-25 00:00:00+00:00,2021-07
Vietnam,5174.0,2021,7,26,3,2021-07-26 00:00:00+00:00,2021-07
Vietnam,10774.0,2021,7,27,3,2021-07-27 00:00:00+00:00,2021-07
Vietnam,6519.0,2021,7,28,3,2021-07-28 00:00:00+00:00,2021-07
Vietnam,9765.0,2021,7,29,3,2021-07-29 00:00:00+00:00,2021-07
Vietnam,7717.0,2021,7,30,3,2021-07-30 00:00:00+00:00,2021-07
